Ship Mode,Segment,Country,City,State,Postal Code,Region,Category,Sub-Category,Sales,Quantity,Discount,Profit
Second Class,Consumer,United States,Henderson,Kentucky,42420,South,Furniture,Bookcases,261.96,2,0,41.9136
Second Class,Consumer,United States,Henderson,Kentucky,42420,South,Furniture,Chairs,731.94,3,0,219.582
Second Class,Corporate,United States,Los Angeles,California,90036,West,Office Supplies,Labels,14.62,2,0,6.8714
Standard Class,Consumer,United States,Fort Lauderdale,Florida,33311,South,Furniture,Tables,957.5775,5,0.45,-383.031
Standard Class,Consumer,United States,Fort Lauderdale,Florida,33311,South,Office Supplies,Storage,22.368,2,0.2,2.5164
Standard Class,Consumer,United States,Los Angeles,California,90032,West,Furniture,Furnishings,48.86,7,0,14.1694
Standard Class,Consumer,United States,Los Angeles,California,90032,West,Office Supplies,Art,7.28,4,0,1.9656
Standard Class,Consumer,United States,Los Angeles,California,90032,West,Technology,Phones,907.152,6,0.2,90.7152
Standard Class,Consumer,United States,Los Angeles,California,90032,West,Office Supplies,Binders,18.504,3,0.2,5.7825
Standard Class,Consumer,United States,Los Angeles,California,90032,West,Office Supplies,Appliances,114.9,5,0,34.47
Standard Class,Consumer,United States,Los Angeles,California,90032,West,Furniture,Tables,1706.184,9,0.2,85.3092
Standard Class,Consumer,United States,Los Angeles,California,90032,West,Technology,Phones,911.424,4,0.2,68.3568
Standard Class,Consumer,United States,Concord,North Carolina,28027,South,Office Supplies,Paper,15.552,3,0.2,5.4432
Standard Class,Consumer,United States,Seattle,Washington,98103,West,Office Supplies,Binders,407.976,3,0.2,132.5922
Standard Class,Home Office,United States,Fort Worth,Texas,76106,Central,Office Supplies,Appliances,68.81,5,0.8,-123.858
Standard Class,Home Office,United States,Fort Worth,Texas,76106,Central,Office Supplies,Binders,2.544,3,0.8,-3.816
Standard Class,Consumer,United States,Madison,Wisconsin,53711,Central,Office Supplies,Storage,665.88,6,0,13.3176
Second Class,Consumer,United States,West Jordan,Utah,84084,West,Office Supplies,Storage,55.5,2,0,9.99
Second Class,Consumer,United States,San Francisco,California,94109,West,Office Supplies,Art,8.56,2,0,2.4824
Second Class,Consumer,United States,San Francisco,California,94109,West,Technology,Phones,213.48,3,0.2,16.011
Second Class,Consumer,United States,San Francisco,California,94109,West,Office Supplies,Binders,22.72,4,0.2,7.384
Standard Class,Corporate,United States,Fremont,Nebraska,68025,Central,Office Supplies,Art,19.46,7,0,5.0596
Standard Class,Corporate,United States,Fremont,Nebraska,68025,Central,Office Supplies,Appliances,60.34,7,0,15.6884
Second Class,Consumer,United States,Philadelphia,Pennsylvania,19140,East,Furniture,Chairs,71.372,2,0.3,-1.0196
Standard Class,Consumer,United States,Orem,Utah,84057,West,Furniture,Tables,1044.63,3,0,240.2649
Second Class,Consumer,United States,Los Angeles,California,90049,West,Office Supplies,Binders,11.648,2,0.2,4.2224
Second Class,Consumer,United States,Los Angeles,California,90049,West,Technology,Accessories,90.57,3,0,11.7741
Standard Class,Consumer,United States,Philadelphia,Pennsylvania,19140,East,Furniture,Bookcases,3083.43,7,0.5,-1665.0522
Standard Class,Consumer,United States,Philadelphia,Pennsylvania,19140,East,Office Supplies,Binders,9.618,2,0.7,-7.0532
Standard Class,Consumer,United States,Philadelphia,Pennsylvania,19140,East,Furniture,Furnishings,124.2,3,0.2,15.525
Standard Class,Consumer,United States,Philadelphia,Pennsylvania,19140,East,Office Supplies,Envelopes,3.264,2,0.2,1.1016
Standard Class,Consumer,United States,Philadelphia,Pennsylvania,19140,East,Office Supplies,Art,86.304,6,0.2,9.7092
Standard Class,Consumer,United States,Philadelphia,Pennsylvania,19140,East,Office Supplies,Binders,6.858,6,0.7,-5.715
Standard Class,Consumer,United States,Philadelphia,Pennsylvania,19140,East,Office Supplies,Art,15.76,2,0.2,3.546
Second Class,Home Office,United States,Houston,Texas,77095,Central,Office Supplies,Paper,29.472,3,0.2,9.9468
First Class,Corporate,United States,Richardson,Texas,75080,Central,Technology,Phones,1097.544,7,0.2,123.4737
First Class,Corporate,United States,Richardson,Texas,75080,Central,Furniture,Furnishings,190.92,5,0.6,-147.963
Standard Class,Home Office,United States,Houston,Texas,77041,Central,Office Supplies,Envelopes,113.328,9,0.2,35.415
Standard Class,Home Office,United States,Houston,Texas,77041,Central,Furniture,Bookcases,532.3992,3,0.32,-46.9764
Standard Class,Home Office,United States,Houston,Texas,77041,Central,Furniture,Chairs,212.058,3,0.3,-15.147
Standard Class,Home Office,United States,Houston,Texas,77041,Central,Technology,Phones,371.168,4,0.2,41.7564
Standard Class,Corporate,United States,Naperville,Illinois,60540,Central,Technology,Phones,147.168,4,0.2,16.5564
Standard Class,Corporate,United States,Los Angeles,California,90049,West,Office Supplies,Storage,77.88,2,0,3.894
Standard Class,Corporate,United States,Melbourne,Florida,32935,South,Office Supplies,Storage,95.616,2,0.2,9.5616
First Class,Corporate,United States,Eagan,Minnesota,55122,Central,Technology,Accessories,45.98,2,0,19.7714
First Class,Corporate,United States,Eagan,Minnesota,55122,Central,Office Supplies,Binders,17.46,2,0,8.2062
Second Class,Consumer,United States,Westland,Michigan,48185,Central,Office Supplies,Storage,211.96,4,0,8.4784
Standard Class,Consumer,United States,Dover,Delaware,19901,East,Technology,Accessories,45,3,0,4.95
Standard Class,Consumer,United States,Dover,Delaware,19901,East,Technology,Phones,21.8,2,0,6.104
Standard Class,Consumer,United States,New Albany,Indiana,47150,Central,Office Supplies,Binders,38.22,6,0,17.9634
Standard Class,Consumer,United States,New Albany,Indiana,47150,Central,Office Supplies,Labels,75.18,6,0,35.3346
Standard Class,Consumer,United States,New Albany,Indiana,47150,Central,Furniture,Furnishings,6.16,2,0,2.9568
Standard Class,Consumer,United States,New Albany,Indiana,47150,Central,Furniture,Chairs,89.99,1,0,17.0981
Standard Class,Corporate,United States,New York City,New York,10024,East,Office Supplies,Fasteners,15.26,7,0,6.2566
Standard Class,Corporate,United States,New York City,New York,10024,East,Technology,Phones,1029.95,5,0,298.6855
First Class,Consumer,United States,Troy,New York,12180,East,Office Supplies,Storage,208.56,6,0,52.14
First Class,Consumer,United States,Troy,New York,12180,East,Office Supplies,Paper,32.4,5,0,15.552
First Class,Consumer,United States,Troy,New York,12180,East,Furniture,Chairs,319.41,5,0.1,7.098
First Class,Consumer,United States,Troy,New York,12180,East,Office Supplies,Paper,14.56,2,0,6.9888
First Class,Consumer,United States,Troy,New York,12180,East,Technology,Accessories,30,2,0,3.3
First Class,Consumer,United States,Troy,New York,12180,East,Office Supplies,Binders,48.48,4,0.2,16.362
First Class,Consumer,United States,Troy,New York,12180,East,Office Supplies,Art,1.68,1,0,0.84
Standard Class,Consumer,United States,Los Angeles,California,90004,West,Technology,Accessories,13.98,2,0,6.1512
Standard Class,Consumer,United States,Los Angeles,California,90004,West,Office Supplies,Binders,25.824,6,0.2,9.3612
Standard Class,Consumer,United States,Los Angeles,California,90004,West,Office Supplies,Paper,146.73,3,0,68.9631
Standard Class,Consumer,United States,Los Angeles,California,90004,West,Furniture,Furnishings,79.76,4,0,22.3328
Standard Class,Home Office,United States,Chicago,Illinois,60610,Central,Furniture,Chairs,213.115,5,0.3,-15.2225
Standard Class,Corporate,United States,Gilbert,Arizona,85234,West,Office Supplies,Art,1113.024,8,0.2,111.3024
Standard Class,Corporate,United States,Gilbert,Arizona,85234,West,Technology,Phones,167.968,4,0.2,62.988
First Class,Consumer,United States,Springfield,Virginia,22153,South,Office Supplies,Paper,75.88,2,0,35.6636
Standard Class,Consumer,United States,New York City,New York,10009,East,Office Supplies,Binders,4.616,1,0.2,1.731
Second Class,Consumer,United States,Jackson,Michigan,49201,Central,Office Supplies,Paper,19.05,3,0,8.763
Standard Class,Consumer,United States,Memphis,Tennessee,38109,South,Furniture,Chairs,831.936,8,0.2,-114.3912
Standard Class,Consumer,United States,Memphis,Tennessee,38109,South,Furniture,Furnishings,97.04,2,0.2,1.213
Standard Class,Consumer,United States,Memphis,Tennessee,38109,South,Office Supplies,Storage,72.784,1,0.2,-18.196
First Class,Corporate,United States,Houston,Texas,77041,Central,Office Supplies,Binders,1.248,3,0.8,-1.9344
First Class,Corporate,United States,Houston,Texas,77041,Central,Furniture,Furnishings,9.708,3,0.6,-5.8248
First Class,Corporate,United States,Houston,Texas,77041,Central,Office Supplies,Storage,27.24,3,0.2,2.724
Second Class,Consumer,United States,Houston,Texas,77070,Central,Furniture,Furnishings,19.3,5,0.6,-14.475
First Class,Corporate,United States,Decatur,Alabama,35601,South,Office Supplies,Appliances,208.16,1,0,56.2032
First Class,Corporate,United States,Decatur,Alabama,35601,South,Office Supplies,Binders,16.74,3,0,8.0352
Standard Class,Consumer,United States,San Francisco,California,94122,West,Office Supplies,Art,14.9,5,0,4.172
Standard Class,Consumer,United States,San Francisco,California,94122,West,Office Supplies,Storage,21.39,1,0,6.2031
Standard Class,Corporate,United States,Durham,North Carolina,27707,South,Office Supplies,Envelopes,200.984,7,0.2,62.8075
First Class,Home Office,United States,Chicago,Illinois,60623,Central,Office Supplies,Storage,230.376,3,0.2,-48.9549
Second Class,Consumer,United States,Columbia,South Carolina,29203,South,Furniture,Chairs,301.96,2,0,33.2156
Standard Class,Consumer,United States,Rochester,Minnesota,55901,Central,Technology,Accessories,19.99,1,0,6.7966
Standard Class,Consumer,United States,Rochester,Minnesota,55901,Central,Office Supplies,Labels,6.16,2,0,2.9568
Second Class,Home Office,United States,Houston,Texas,77095,Central,Office Supplies,Storage,158.368,7,0.2,13.8572
Standard Class,Corporate,United States,Los Angeles,California,90036,West,Office Supplies,Art,20.1,3,0,6.633
Standard Class,Corporate,United States,Los Angeles,California,90036,West,Technology,Phones,73.584,2,0.2,8.2782
Standard Class,Corporate,United States,Los Angeles,California,90036,West,Office Supplies,Paper,6.48,1,0,3.1104
Second Class,Consumer,United States,Minneapolis,Minnesota,55407,Central,Office Supplies,Paper,12.96,2,0,6.2208
Second Class,Consumer,United States,Minneapolis,Minnesota,55407,Central,Furniture,Furnishings,53.34,3,0,16.5354
Second Class,Consumer,United States,Minneapolis,Minnesota,55407,Central,Office Supplies,Binders,32.96,2,0,16.1504
Standard Class,Home Office,United States,Portland,Oregon,97206,West,Office Supplies,Binders,5.682,1,0.7,-3.788
Second Class,Home Office,United States,New York City,New York,10009,East,Furniture,Furnishings,96.53,7,0,40.5426
First Class,Consumer,United States,San Francisco,California,94122,West,Office Supplies,Binders,51.312,3,0.2,17.9592
Standard Class,Corporate,United States,Saint Paul,Minnesota,55106,Central,Office Supplies,Appliances,77.88,6,0,22.5852
Standard Class,Home Office,United States,Chicago,Illinois,60610,Central,Office Supplies,Paper,64.624,7,0.2,22.6184
Standard Class,Home Office,United States,Chicago,Illinois,60610,Central,Technology,Accessories,95.976,3,0.2,-10.7973
Standard Class,Home Office,United States,Chicago,Illinois,60610,Central,Office Supplies,Binders,1.788,3,0.8,-3.0396
Second Class,Consumer,United States,Rochester,Minnesota,55901,Central,Office Supplies,Paper,23.92,4,0,11.7208
Standard Class,Consumer,United States,Aurora,Colorado,80013,West,Technology,Accessories,238.896,6,0.2,-26.8758
Standard Class,Consumer,United States,Aurora,Colorado,80013,West,Furniture,Furnishings,102.36,3,0.2,-3.8385
Standard Class,Consumer,United States,Aurora,Colorado,80013,West,Office Supplies,Binders,36.882,3,0.7,-25.8174
Standard Class,Consumer,United States,Charlotte,North Carolina,28205,South,Technology,Accessories,74.112,8,0.2,17.6016
Standard Class,Consumer,United States,Charlotte,North Carolina,28205,South,Technology,Phones,27.992,1,0.2,2.0994
Standard Class,Consumer,United States,Charlotte,North Carolina,28205,South,Office Supplies,Art,3.304,1,0.2,1.0738
Standard Class,Home Office,United States,Orland Park,Illinois,60462,Central,Technology,Accessories,339.96,5,0.2,67.992
Standard Class,Corporate,United States,New York City,New York,10035,East,Furniture,Furnishings,41.96,2,0,10.9096
Standard Class,Consumer,United States,Urbandale,Iowa,50322,Central,Office Supplies,Art,75.96,2,0,22.788
Standard Class,Consumer,United States,Urbandale,Iowa,50322,Central,Office Supplies,Binders,27.24,6,0,13.3476
Second Class,Consumer,United States,Columbus,Ohio,43229,East,Office Supplies,Fasteners,40.096,14,0.2,14.5348
Second Class,Consumer,United States,Columbus,Ohio,43229,East,Office Supplies,Envelopes,4.72,2,0.2,1.652
Second Class,Consumer,United States,Columbus,Ohio,43229,East,Office Supplies,Paper,23.976,3,0.2,7.4925
Second Class,Consumer,United States,Columbus,Ohio,43229,East,Office Supplies,Envelopes,130.464,6,0.2,44.0316
Standard Class,Consumer,United States,Seattle,Washington,98103,West,Furniture,Tables,787.53,3,0,165.3813
Standard Class,Corporate,United States,Bristol,Tennessee,37620,South,Office Supplies,Binders,157.794,1,0.7,-115.7156
First Class,Consumer,United States,Wilmington,Delaware,19805,East,Furniture,Furnishings,47.04,3,0,18.3456
First Class,Consumer,United States,Wilmington,Delaware,19805,East,Office Supplies,Binders,30.84,4,0,13.878
First Class,Consumer,United States,Wilmington,Delaware,19805,East,Office Supplies,Storage,226.56,6,0,63.4368
First Class,Consumer,United States,Wilmington,Delaware,19805,East,Office Supplies,Envelopes,115.02,9,0,51.759
First Class,Consumer,United States,Wilmington,Delaware,19805,East,Technology,Phones,68.04,7,0,19.7316
Second Class,Home Office,United States,Houston,Texas,77041,Central,Furniture,Chairs,600.558,3,0.3,-8.5794
Standard Class,Consumer,United States,Bloomington,Illinois,61701,Central,Furniture,Tables,617.7,6,0.5,-407.682
Standard Class,Consumer,United States,Phoenix,Arizona,85023,West,Office Supplies,Binders,2.388,2,0.7,-1.8308
Standard Class,Consumer,United States,Phoenix,Arizona,85023,West,Office Supplies,Storage,243.992,7,0.2,30.499
Second Class,Home Office,United States,Los Angeles,California,90004,West,Furniture,Chairs,81.424,2,0.2,-9.1602
Second Class,Home Office,United States,Los Angeles,California,90004,West,Furniture,Furnishings,238.56,3,0,26.2416
First Class,Corporate,United States,Columbus,Ohio,43229,East,Technology,Phones,59.97,5,0.4,-11.994
First Class,Corporate,United States,Columbus,Ohio,43229,East,Office Supplies,Paper,78.304,2,0.2,29.364
First Class,Corporate,United States,Columbus,Ohio,43229,East,Office Supplies,Fasteners,21.456,9,0.2,6.9732
Standard Class,Consumer,United States,Roseville,California,95661,West,Office Supplies,Paper,20.04,3,0,9.6192
Standard Class,Consumer,United States,Roseville,California,95661,West,Office Supplies,Paper,35.44,1,0,16.6568
Standard Class,Consumer,United States,Roseville,California,95661,West,Office Supplies,Art,11.52,4,0,3.456
Standard Class,Consumer,United States,Roseville,California,95661,West,Office Supplies,Fasteners,4.02,2,0,1.9698
Standard Class,Consumer,United States,Roseville,California,95661,West,Office Supplies,Binders,76.176,3,0.2,26.6616
Standard Class,Consumer,United States,Roseville,California,95661,West,Office Supplies,Supplies,65.88,6,0,18.4464
Standard Class,Consumer,United States,Roseville,California,95661,West,Furniture,Furnishings,43.12,14,0,20.6976
Second Class,Corporate,United States,Philadelphia,Pennsylvania,19140,East,Furniture,Furnishings,82.8,2,0.2,10.35
Standard Class,Corporate,United States,San Francisco,California,94122,West,Office Supplies,Art,8.82,3,0,2.3814
Standard Class,Corporate,United States,San Francisco,California,94122,West,Office Supplies,Envelopes,10.86,3,0,5.1042
Standard Class,Corporate,United States,San Francisco,California,94122,West,Office Supplies,Paper,143.7,3,0,68.976
Standard Class,Consumer,United States,Independence,Missouri,64055,Central,Office Supplies,Appliances,839.43,3,0,218.2518
Standard Class,Consumer,United States,Pasadena,California,91104,West,Office Supplies,Storage,671.93,7,0,20.1579
Standard Class,Home Office,United States,Newark,Ohio,43055,East,Furniture,Furnishings,93.888,4,0.2,12.9096
Standard Class,Corporate,United States,Franklin,Wisconsin,53132,Central,Technology,Phones,384.45,11,0,103.8015
Standard Class,Corporate,United States,Franklin,Wisconsin,53132,Central,Technology,Phones,149.97,3,0,5.9988
Standard Class,Corporate,United States,Franklin,Wisconsin,53132,Central,Furniture,Chairs,1951.84,8,0,585.552
Standard Class,Corporate,United States,Franklin,Wisconsin,53132,Central,Office Supplies,Binders,171.55,5,0,80.6285
First Class,Home Office,United States,Scottsdale,Arizona,85254,West,Office Supplies,Appliances,157.92,5,0.2,17.766
First Class,Home Office,United States,Scottsdale,Arizona,85254,West,Technology,Phones,203.184,2,0.2,15.2388
First Class,Corporate,United States,San Jose,California,95123,West,Office Supplies,Paper,58.38,7,0,26.271
First Class,Corporate,United States,San Jose,California,95123,West,Office Supplies,Paper,105.52,4,0,48.5392
First Class,Corporate,United States,San Jose,California,95123,West,Office Supplies,Storage,80.88,6,0,21.0288
Standard Class,Home Office,United States,Seattle,Washington,98105,West,Office Supplies,Art,6.63,3,0,1.7901
Second Class,Consumer,United States,Seattle,Washington,98115,West,Furniture,Chairs,457.568,2,0.2,51.4764
Standard Class,Consumer,United States,Edmond,Oklahoma,73034,Central,Office Supplies,Labels,14.62,2,0,6.8714
Standard Class,Consumer,United States,Edmond,Oklahoma,73034,Central,Technology,Phones,944.93,7,0,236.2325
First Class,Consumer,United States,Los Angeles,California,90045,West,Office Supplies,Paper,5.98,1,0,2.691
Second Class,Consumer,United States,Philadelphia,Pennsylvania,19134,East,Technology,Accessories,54.384,2,0.2,1.3596
Standard Class,Consumer,United States,Carlsbad,New Mexico,88220,West,Office Supplies,Envelopes,28.4,5,0,13.348
Standard Class,Consumer,United States,Seattle,Washington,98115,West,Office Supplies,Binders,27.68,2,0.2,9.688
Standard Class,Consumer,United States,San Antonio,Texas,78207,Central,Office Supplies,Art,9.936,3,0.2,2.7324
Standard Class,Consumer,United States,San Antonio,Texas,78207,Central,Technology,Machines,8159.952,8,0.4,-1359.992
Standard Class,Consumer,United States,San Antonio,Texas,78207,Central,Office Supplies,Storage,275.928,3,0.2,-58.6347
Standard Class,Consumer,United States,San Antonio,Texas,78207,Central,Furniture,Chairs,1740.06,9,0.3,-24.858
Standard Class,Consumer,United States,San Antonio,Texas,78207,Central,Office Supplies,Art,32.064,6,0.2,6.8136
Standard Class,Consumer,United States,San Antonio,Texas,78207,Central,Office Supplies,Appliances,177.98,5,0.8,-453.849
Standard Class,Consumer,United States,San Antonio,Texas,78207,Central,Technology,Phones,143.976,3,0.2,8.9985
Standard Class,Consumer,United States,Los Angeles,California,90004,West,Office Supplies,Paper,20.94,3,0,9.8418
Standard Class,Consumer,United States,Los Angeles,California,90004,West,Office Supplies,Paper,110.96,2,0,53.2608
Standard Class,Consumer,United States,Los Angeles,California,90004,West,Furniture,Chairs,340.144,7,0.2,21.259
Standard Class,Corporate,United States,Chicago,Illinois,60623,Central,Office Supplies,Appliances,52.448,2,0.8,-131.12
Standard Class,Corporate,United States,Chicago,Illinois,60623,Central,Office Supplies,Labels,20.16,4,0.2,6.552
Second Class,Consumer,United States,Houston,Texas,77036,Central,Office Supplies,Appliances,97.264,4,0.8,-243.16
Second Class,Consumer,United States,Newark,Ohio,43055,East,Furniture,Chairs,396.802,7,0.3,-11.3372
Second Class,Consumer,United States,Newark,Ohio,43055,East,Office Supplies,Supplies,15.88,5,0.2,-3.7715
Standard Class,Home Office,United States,New York City,New York,10009,East,Office Supplies,Art,3.28,1,0,1.4104
Second Class,Corporate,United States,Decatur,Illinois,62521,Central,Office Supplies,Storage,24.816,2,0.2,1.8612
Second Class,Corporate,United States,Decatur,Illinois,62521,Central,Technology,Accessories,408.744,7,0.2,76.6395
Second Class,Home Office,United States,Monroe,Louisiana,71203,South,Technology,Phones,503.96,4,0,131.0296
Second Class,Home Office,United States,Monroe,Louisiana,71203,South,Technology,Phones,149.95,5,0,41.986
Second Class,Home Office,United States,Monroe,Louisiana,71203,South,Technology,Accessories,29,2,0,7.25
Standard Class,Consumer,United States,Fairfield,Connecticut,6824,East,Office Supplies,Binders,7.16,2,0,3.4368
Standard Class,Home Office,United States,Los Angeles,California,90032,West,Technology,Accessories,176.8,8,0,22.984
Standard Class,Corporate,United States,Grand Prairie,Texas,75051,Central,Office Supplies,Storage,37.224,3,0.2,3.7224
Standard Class,Corporate,United States,Grand Prairie,Texas,75051,Central,Office Supplies,Paper,20.016,3,0.2,6.255
First Class,Home Office,United States,New York City,New York,10035,East,Furniture,Bookcases,899.136,4,0.2,112.392
First Class,Home Office,United States,New York City,New York,10035,East,Technology,Phones,71.76,6,0,20.0928
First Class,Home Office,United States,New York City,New York,10035,East,Office Supplies,Paper,51.84,8,0,24.8832
First Class,Home Office,United States,New York City,New York,10035,East,Furniture,Bookcases,626.352,3,0.2,46.9764
First Class,Home Office,United States,New York City,New York,10035,East,Office Supplies,Art,19.9,5,0,6.567
Standard Class,Corporate,United States,Redlands,California,92374,West,Office Supplies,Envelopes,14.28,7,0,6.7116
Standard Class,Consumer,United States,Hamilton,Ohio,45011,East,Office Supplies,Art,7.408,2,0.2,1.2038
Standard Class,Consumer,United States,Hamilton,Ohio,45011,East,Office Supplies,Art,6.048,3,0.2,1.5876
Standard Class,Home Office,United States,Westfield,New Jersey,7090,East,Office Supplies,Storage,46.26,3,0,12.0276
Standard Class,Corporate,United States,Philadelphia,Pennsylvania,19120,East,Office Supplies,Binders,2.946,2,0.7,-2.2586
Standard Class,Corporate,United States,Philadelphia,Pennsylvania,19120,East,Office Supplies,Paper,16.056,3,0.2,5.8203
Standard Class,Consumer,United States,Akron,Ohio,44312,East,Office Supplies,Paper,21.744,3,0.2,6.795
First Class,Consumer,United States,Denver,Colorado,80219,West,Furniture,Tables,218.75,2,0.5,-161.875
First Class,Consumer,United States,Denver,Colorado,80219,West,Office Supplies,Appliances,2.6,1,0.2,0.2925
Second Class,Consumer,United States,Dallas,Texas,75220,Central,Office Supplies,Appliances,66.284,2,0.8,-178.9668
Standard Class,Corporate,United States,Franklin,Tennessee,37064,South,Furniture,Furnishings,35.168,7,0.2,9.6712
Standard Class,Consumer,United States,Whittier,California,90604,West,Technology,Phones,444.768,4,0.2,44.4768
Standard Class,Consumer,United States,Saginaw,Michigan,48601,Central,Office Supplies,Storage,83.92,4,0,5.8744
Standard Class,Consumer,United States,Saginaw,Michigan,48601,Central,Technology,Phones,131.98,2,0,35.6346
Standard Class,Consumer,United States,Saginaw,Michigan,48601,Central,Office Supplies,Binders,15.92,4,0,7.4824
Standard Class,Consumer,United States,Saginaw,Michigan,48601,Central,Office Supplies,Fasteners,52.29,9,0,16.2099
Standard Class,Consumer,United States,Saginaw,Michigan,48601,Central,Office Supplies,Storage,91.99,1,0,3.6796
Second Class,Corporate,United States,Dallas,Texas,75220,Central,Technology,Accessories,20.8,2,0.2,6.5
Standard Class,Corporate,United States,Medina,Ohio,44256,East,Office Supplies,Labels,23.68,2,0.2,8.88
Standard Class,Corporate,United States,Medina,Ohio,44256,East,Furniture,Bookcases,452.45,5,0.5,-244.323
Standard Class,Corporate,United States,Medina,Ohio,44256,East,Technology,Phones,62.982,3,0.4,-14.6958
Standard Class,Corporate,United States,Medina,Ohio,44256,East,Technology,Machines,1188,9,0.7,-950.4
Standard Class,Corporate,United States,Medina,Ohio,44256,East,Technology,Accessories,89.584,2,0.2,4.4792
Standard Class,Consumer,United States,Los Angeles,California,90032,West,Office Supplies,Storage,93.06,6,0,26.0568
Standard Class,Consumer,United States,Los Angeles,California,90032,West,Technology,Phones,302.376,3,0.2,22.6782
First Class,Consumer,United States,Dublin,Ohio,43017,East,Office Supplies,Fasteners,5.584,2,0.2,1.8148
First Class,Consumer,United States,Dublin,Ohio,43017,East,Office Supplies,Paper,22.704,6,0.2,8.2302
First Class,Consumer,United States,Dublin,Ohio,43017,East,Office Supplies,Binders,19.776,4,0.7,-13.8432
First Class,Consumer,United States,Dublin,Ohio,43017,East,Furniture,Furnishings,72.704,4,0.2,19.0848
First Class,Consumer,United States,Dublin,Ohio,43017,East,Technology,Machines,479.988,4,0.7,-383.9904
First Class,Consumer,United States,Dublin,Ohio,43017,East,Office Supplies,Art,27.168,2,0.2,2.7168
Standard Class,Corporate,United States,Detroit,Michigan,48227,Central,Office Supplies,Art,2.2,1,0,0.968
Standard Class,Corporate,United States,Detroit,Michigan,48227,Central,Furniture,Tables,622.45,5,0,136.939
Standard Class,Corporate,United States,Detroit,Michigan,48227,Central,Office Supplies,Storage,21.98,1,0,0.2198
Standard Class,Consumer,United States,Columbia,Tennessee,38401,South,Furniture,Chairs,161.568,2,0.2,-28.2744
Standard Class,Consumer,United States,Columbia,Tennessee,38401,South,Furniture,Chairs,389.696,8,0.2,43.8408
Standard Class,Corporate,United States,Charlotte,North Carolina,28205,South,Office Supplies,Binders,18.648,7,0.7,-12.432
Standard Class,Home Office,United States,Tampa,Florida,33614,South,Furniture,Tables,233.86,2,0.45,-102.048
Standard Class,Home Office,United States,Tampa,Florida,33614,South,Furniture,Tables,620.6145,3,0.45,-248.2458
Standard Class,Home Office,United States,Tampa,Florida,33614,South,Office Supplies,Binders,5.328,2,0.7,-3.552
Standard Class,Home Office,United States,Tampa,Florida,33614,South,Furniture,Furnishings,258.072,3,0.2,0
Standard Class,Home Office,United States,Tampa,Florida,33614,South,Technology,Accessories,617.976,3,0.2,-7.7247
Standard Class,Corporate,United States,Santa Clara,California,95051,West,Office Supplies,Paper,10.56,2,0,4.752
Second Class,Consumer,United States,Chicago,Illinois,60610,Central,Office Supplies,Paper,25.92,5,0.2,9.396
Second Class,Consumer,United States,Chicago,Illinois,60610,Central,Furniture,Furnishings,419.68,5,0.6,-356.728
Second Class,Consumer,United States,Chicago,Illinois,60610,Central,Furniture,Furnishings,11.688,3,0.6,-4.6752
Second Class,Consumer,United States,Chicago,Illinois,60610,Central,Technology,Phones,31.984,2,0.2,11.1944
Second Class,Consumer,United States,Chicago,Illinois,60610,Central,Furniture,Tables,177.225,5,0.5,-120.513
Second Class,Consumer,United States,Chicago,Illinois,60610,Central,Furniture,Furnishings,4.044,3,0.6,-2.8308
Second Class,Consumer,United States,Chicago,Illinois,60610,Central,Office Supplies,Art,7.408,2,0.2,1.2038
Second Class,Home Office,United States,Lakeville,Minnesota,55044,Central,Furniture,Chairs,2001.86,7,0,580.5394
Second Class,Home Office,United States,Lakeville,Minnesota,55044,Central,Office Supplies,Storage,166.72,2,0,41.68
Second Class,Home Office,United States,Lakeville,Minnesota,55044,Central,Office Supplies,Paper,47.88,6,0,23.94
Second Class,Home Office,United States,Lakeville,Minnesota,55044,Central,Office Supplies,Appliances,1503.25,5,0,496.0725
Second Class,Home Office,United States,Lakeville,Minnesota,55044,Central,Office Supplies,Paper,25.92,4,0,12.4416
Second Class,Consumer,United States,San Francisco,California,94109,West,Furniture,Chairs,321.568,2,0.2,28.1372
Standard Class,Consumer,United States,San Diego,California,92037,West,Office Supplies,Paper,7.61,1,0,3.5767
Standard Class,Consumer,United States,San Diego,California,92037,West,Technology,Accessories,3347.37,13,0,636.0003
First Class,Consumer,United States,New York City,New York,10024,East,Office Supplies,Storage,80.58,6,0,22.5624
First Class,Consumer,United States,New York City,New York,10024,East,Office Supplies,Envelopes,361.92,4,0,162.864
Standard Class,Corporate,United States,Chicago,Illinois,60623,Central,Furniture,Furnishings,12.132,9,0.6,-8.4924
Standard Class,Corporate,United States,Chicago,Illinois,60623,Central,Office Supplies,Storage,82.368,2,0.2,-19.5624
Standard Class,Corporate,United States,Chicago,Illinois,60623,Central,Office Supplies,Storage,53.92,5,0.2,4.044
Standard Class,Corporate,United States,Chicago,Illinois,60623,Central,Technology,Phones,647.904,6,0.2,56.6916
Second Class,Consumer,United States,New York City,New York,10009,East,Technology,Accessories,20.37,3,0,6.9258
Second Class,Consumer,United States,New York City,New York,10009,East,Office Supplies,Storage,221.55,3,0,6.6465
Second Class,Consumer,United States,New York City,New York,10009,East,Office Supplies,Binders,17.52,5,0.2,6.132
Standard Class,Corporate,United States,Pasadena,Texas,77506,Central,Office Supplies,Appliances,1.624,2,0.8,-4.466
Second Class,Corporate,United States,Houston,Texas,77036,Central,Technology,Machines,3059.982,3,0.4,-509.997
Second Class,Corporate,United States,Houston,Texas,77036,Central,Technology,Machines,2519.958,7,0.4,-251.9958
Standard Class,Consumer,United States,Chicago,Illinois,60610,Central,Technology,Phones,328.224,4,0.2,28.7196
Standard Class,Consumer,United States,Brentwood,California,94513,West,Technology,Accessories,79.9,2,0,35.156
Standard Class,Corporate,United States,Chapel Hill,North Carolina,27514,South,Office Supplies,Art,14.016,3,0.2,4.7304
Standard Class,Consumer,United States,Morristown,New Jersey,7960,East,Office Supplies,Fasteners,7.56,6,0,0.3024
Standard Class,Corporate,United States,Cincinnati,Ohio,45231,East,Office Supplies,Storage,37.208,1,0.2,-7.4416
Standard Class,Corporate,United States,Cincinnati,Ohio,45231,East,Office Supplies,Envelopes,57.576,3,0.2,21.591
Second Class,Corporate,United States,San Francisco,California,94110,West,Office Supplies,Storage,725.84,4,0,210.4936
First Class,Consumer,United States,San Francisco,California,94109,West,Technology,Accessories,209.93,7,0,92.3692
First Class,Consumer,United States,San Francisco,California,94109,West,Furniture,Furnishings,5.28,3,0,2.3232
First Class,Consumer,United States,San Francisco,California,94109,West,Office Supplies,Binders,10.92,3,0.2,4.095
First Class,Corporate,United States,Inglewood,California,90301,West,Office Supplies,Paper,8.82,2,0,4.0572
First Class,Corporate,United States,Inglewood,California,90301,West,Office Supplies,Art,5.98,1,0,1.5548
Standard Class,Corporate,United States,Philadelphia,Pennsylvania,19140,East,Office Supplies,Paper,11.648,2,0.2,4.0768
Standard Class,Corporate,United States,Philadelphia,Pennsylvania,19140,East,Office Supplies,Paper,18.176,4,0.2,5.9072
Standard Class,Corporate,United States,Philadelphia,Pennsylvania,19140,East,Office Supplies,Storage,59.712,6,0.2,5.9712
Standard Class,Corporate,United States,Philadelphia,Pennsylvania,19140,East,Office Supplies,Labels,24.84,3,0.2,8.694
Second Class,Consumer,United States,Houston,Texas,77070,Central,Office Supplies,Binders,2.08,5,0.8,-3.432
Second Class,Consumer,United States,Houston,Texas,77070,Central,Technology,Phones,1114.4,7,0.2,376.11
Standard Class,Consumer,United States,Los Angeles,California,90004,West,Furniture,Tables,1038.84,5,0.2,51.942
Standard Class,Consumer,United States,Portland,Oregon,97206,West,Office Supplies,Paper,141.76,5,0.2,47.844
Standard Class,Consumer,United States,Portland,Oregon,97206,West,Technology,Accessories,239.8,5,0.2,47.96
Standard Class,Consumer,United States,Portland,Oregon,97206,West,Office Supplies,Paper,31.104,6,0.2,10.8864
Second Class,Corporate,United States,Tamarac,Florida,33319,South,Office Supplies,Binders,254.058,7,0.7,-169.372
Second Class,Corporate,United States,Tamarac,Florida,33319,South,Office Supplies,Appliances,194.528,2,0.2,24.316
Second Class,Corporate,United States,Tamarac,Florida,33319,South,Office Supplies,Supplies,961.48,5,0.2,-204.3145
Second Class,Home Office,United States,Columbus,Ohio,43229,East,Office Supplies,Fasteners,19.096,7,0.2,6.6836
Second Class,Home Office,United States,Columbus,Ohio,43229,East,Office Supplies,Labels,18.496,8,0.2,6.2424
Second Class,Home Office,United States,Columbus,Ohio,43229,East,Technology,Accessories,255.984,2,0.2,54.3966
Second Class,Home Office,United States,Columbus,Ohio,43229,East,Furniture,Bookcases,86.97,3,0.5,-48.7032
First Class,Corporate,United States,Colorado Springs,Colorado,80906,West,Furniture,Furnishings,300.416,8,0.2,78.8592
First Class,Corporate,United States,Colorado Springs,Colorado,80906,West,Furniture,Chairs,230.352,3,0.2,20.1558
First Class,Corporate,United States,Colorado Springs,Colorado,80906,West,Furniture,Furnishings,218.352,3,0.2,-24.5646
First Class,Corporate,United States,Colorado Springs,Colorado,80906,West,Office Supplies,Binders,78.6,5,0.7,-62.88
First Class,Corporate,United States,Colorado Springs,Colorado,80906,West,Office Supplies,Fasteners,27.552,3,0.2,9.2988
Standard Class,Corporate,United States,Belleville,New Jersey,7109,East,Office Supplies,Paper,32.4,5,0,15.552
Standard Class,Corporate,United States,Belleville,New Jersey,7109,East,Office Supplies,Storage,1082.48,8,0,10.8248
Standard Class,Corporate,United States,Belleville,New Jersey,7109,East,Office Supplies,Paper,56.91,3,0,27.3168
Standard Class,Corporate,United States,Belleville,New Jersey,7109,East,Furniture,Furnishings,77.6,4,0,38.024
Standard Class,Corporate,United States,Belleville,New Jersey,7109,East,Office Supplies,Binders,14.28,1,0,6.5688
Standard Class,Consumer,United States,Chicago,Illinois,60623,Central,Furniture,Tables,219.075,3,0.5,-131.445
Second Class,Corporate,United States,New York City,New York,10024,East,Furniture,Furnishings,26.8,2,0,12.864
Standard Class,Corporate,United States,Taylor,Michigan,48180,Central,Office Supplies,Art,9.84,3,0,2.8536
Standard Class,Home Office,United States,Lakewood,New Jersey,8701,East,Office Supplies,Binders,45.48,3,0,20.9208
Standard Class,Home Office,United States,Lakewood,New Jersey,8701,East,Office Supplies,Art,289.2,6,0,83.868
First Class,Consumer,United States,Arlington,Virginia,22204,South,Office Supplies,Art,4.89,1,0,2.0049
Second Class,Corporate,United States,Arvada,Colorado,80004,West,Furniture,Furnishings,15.136,4,0.2,3.5948
Second Class,Corporate,United States,Arvada,Colorado,80004,West,Furniture,Chairs,466.768,2,0.2,52.5114
Second Class,Corporate,United States,Arvada,Colorado,80004,West,Furniture,Furnishings,15.232,1,0.2,1.7136
Second Class,Corporate,United States,Arvada,Colorado,80004,West,Office Supplies,Labels,6.264,3,0.2,2.0358
Standard Class,Corporate,United States,Hackensack,New Jersey,7601,East,Furniture,Furnishings,87.54,3,0,37.6422
Standard Class,Corporate,United States,Saint Petersburg,Florida,33710,South,Technology,Phones,178.384,2,0.2,22.298
Standard Class,Corporate,United States,Saint Petersburg,Florida,33710,South,Office Supplies,Paper,15.552,3,0.2,5.4432
First Class,Corporate,United States,Philadelphia,Pennsylvania,19143,East,Office Supplies,Art,99.136,4,0.2,8.6744
Standard Class,Home Office,United States,New York City,New York,10024,East,Furniture,Chairs,135.882,1,0.1,24.1568
Standard Class,Home Office,United States,New York City,New York,10024,East,Technology,Machines,3991.98,2,0,1995.99
Standard Class,Home Office,United States,New York City,New York,10024,East,Technology,Phones,275.94,6,0,80.0226
Standard Class,Home Office,United States,New York City,New York,10024,East,Technology,Accessories,360,4,0,129.6
Standard Class,Home Office,United States,New York City,New York,10024,East,Office Supplies,Storage,43.57,1,0,13.071
Standard Class,Corporate,United States,Long Beach,California,90805,West,Office Supplies,Fasteners,7.16,2,0,3.58
Standard Class,Corporate,United States,Hesperia,California,92345,West,Office Supplies,Binders,251.52,6,0.2,81.744
Standard Class,Corporate,United States,Hesperia,California,92345,West,Technology,Accessories,99.99,1,0,34.9965
Second Class,Corporate,United States,Murfreesboro,Tennessee,37130,South,Furniture,Furnishings,15.992,1,0.2,0.9995
First Class,Consumer,United States,Philadelphia,Pennsylvania,19143,East,Technology,Phones,290.898,3,0.4,-67.8762
First Class,Consumer,United States,Philadelphia,Pennsylvania,19143,East,Office Supplies,Storage,54.224,2,0.2,3.389
First Class,Consumer,United States,Philadelphia,Pennsylvania,19143,East,Furniture,Chairs,786.744,4,0.3,-258.5016
First Class,Consumer,United States,Philadelphia,Pennsylvania,19143,East,Office Supplies,Labels,100.24,10,0.2,33.831
First Class,Consumer,United States,Philadelphia,Pennsylvania,19143,East,Office Supplies,Binders,37.764,6,0.7,-27.6936
Second Class,Consumer,United States,Philadelphia,Pennsylvania,19134,East,Technology,Phones,82.8,2,0.4,-20.7
Second Class,Consumer,United States,Philadelphia,Pennsylvania,19134,East,Office Supplies,Binders,20.724,2,0.7,-13.816
Second Class,Consumer,United States,Philadelphia,Pennsylvania,19134,East,Office Supplies,Binders,4.896,3,0.7,-3.4272
Second Class,Consumer,United States,Los Angeles,California,90045,West,Office Supplies,Binders,4.752,1,0.2,1.6038
Second Class,Consumer,United States,Los Angeles,California,90045,West,Technology,Copiers,959.984,2,0.2,335.9944
Second Class,Consumer,United States,Los Angeles,California,90045,West,Office Supplies,Binders,14.368,4,0.2,4.49
Standard Class,Corporate,United States,San Francisco,California,94122,West,Office Supplies,Binders,7.712,2,0.2,2.7956
Standard Class,Corporate,United States,San Francisco,California,94122,West,Furniture,Tables,698.352,3,0.2,-17.4588
Second Class,Consumer,United States,Layton,Utah,84041,West,Office Supplies,Fasteners,4.96,4,0,2.3312
Second Class,Corporate,United States,Philadelphia,Pennsylvania,19140,East,Office Supplies,Art,17.856,4,0.2,1.116
Second Class,Corporate,United States,Philadelphia,Pennsylvania,19140,East,Office Supplies,Binders,509.97,10,0.7,-407.976
Second Class,Corporate,United States,Philadelphia,Pennsylvania,19140,East,Office Supplies,Fasteners,30.992,13,0.2,10.0724
Second Class,Corporate,United States,Philadelphia,Pennsylvania,19140,East,Technology,Phones,71.928,12,0.4,8.3916
Standard Class,Consumer,United States,Austin,Texas,78745,Central,Office Supplies,Storage,88.8,4,0.2,-2.22
Standard Class,Consumer,United States,San Francisco,California,94122,West,Technology,Phones,47.976,3,0.2,4.7976
Standard Class,Consumer,United States,Lowell,Massachusetts,1852,East,Office Supplies,Art,7.56,3,0,3.0996
Standard Class,Consumer,United States,Lowell,Massachusetts,1852,East,Office Supplies,Paper,24.56,2,0,11.5432
Standard Class,Consumer,United States,Lowell,Massachusetts,1852,East,Office Supplies,Art,12.96,2,0,4.1472
First Class,Home Office,United States,New York City,New York,10009,East,Technology,Accessories,6.79,1,0,2.3086
First Class,Home Office,United States,New York City,New York,10009,East,Office Supplies,Paper,24.56,2,0,11.5432
First Class,Home Office,United States,New York City,New York,10009,East,Office Supplies,Binders,3.048,1,0.2,1.0668
First Class,Home Office,United States,New York City,New York,10009,East,Office Supplies,Paper,49.12,4,0,23.0864
First Class,Home Office,United States,New York City,New York,10009,East,Office Supplies,Binders,4355.168,4,0.2,1415.4296
Standard Class,Consumer,United States,New York City,New York,10035,East,Furniture,Bookcases,388.704,6,0.2,-4.8588
Standard Class,Consumer,United States,New York City,New York,10035,East,Office Supplies,Envelopes,8.26,2,0,3.7996
Standard Class,Consumer,United States,New York City,New York,10035,East,Office Supplies,Art,17.04,4,0,6.9864
Standard Class,Consumer,United States,New York City,New York,10035,East,Office Supplies,Paper,34.4,5,0,15.824
Standard Class,Corporate,United States,Charlotte,North Carolina,28205,South,Office Supplies,Paper,36.24,5,0.2,11.325
First Class,Corporate,United States,Columbus,Georgia,31907,South,Office Supplies,Appliances,647.84,8,0,168.4384
First Class,Corporate,United States,Columbus,Georgia,31907,South,Office Supplies,Labels,20.7,2,0,9.936
Standard Class,Consumer,United States,New York City,New York,10009,East,Office Supplies,Labels,20.7,2,0,9.936
Standard Class,Consumer,United States,New York City,New York,10009,East,Furniture,Chairs,488.646,3,0.1,86.8704
Standard Class,Consumer,United States,New York City,New York,10009,East,Office Supplies,Art,5.56,2,0,1.4456
Standard Class,Consumer,United States,New York City,New York,10009,East,Furniture,Furnishings,47.12,8,0,20.7328
Standard Class,Consumer,United States,San Francisco,California,94109,West,Office Supplies,Storage,211.96,4,0,8.4784
Same Day,Corporate,United States,Manchester,Connecticut,6040,East,Office Supplies,Binders,23.2,4,0,10.44
Same Day,Corporate,United States,Manchester,Connecticut,6040,East,Office Supplies,Supplies,7.36,2,0,0.1472
Same Day,Corporate,United States,Manchester,Connecticut,6040,East,Office Supplies,Storage,104.79,7,0,29.3412
Same Day,Corporate,United States,Manchester,Connecticut,6040,East,Furniture,Bookcases,1043.92,4,0,271.4192
Standard Class,Consumer,United States,Harlingen,Texas,78550,Central,Office Supplies,Paper,25.92,5,0.2,9.396
Standard Class,Consumer,United States,Harlingen,Texas,78550,Central,Office Supplies,Storage,53.424,3,0.2,4.6746
Standard Class,Consumer,United States,Tucson,Arizona,85705,West,Office Supplies,Binders,8.16,5,0.7,-5.712
Standard Class,Consumer,United States,Tucson,Arizona,85705,West,Technology,Accessories,1023.936,8,0.2,179.1888
Standard Class,Consumer,United States,Tucson,Arizona,85705,West,Office Supplies,Art,9.24,1,0.2,0.924
Standard Class,Consumer,United States,Tucson,Arizona,85705,West,Technology,Accessories,479.04,10,0.2,-29.94
First Class,Corporate,United States,Quincy,Illinois,62301,Central,Office Supplies,Paper,99.136,4,0.2,30.98
Standard Class,Corporate,United States,Franklin,Massachusetts,2038,East,Furniture,Tables,1488.424,7,0.3,-297.6848
Standard Class,Consumer,United States,Houston,Texas,77095,Central,Office Supplies,Appliances,8.652,3,0.8,-20.3322
Standard Class,Consumer,United States,Houston,Texas,77095,Central,Office Supplies,Storage,23.832,3,0.2,2.6811
Standard Class,Consumer,United States,Houston,Texas,77095,Central,Office Supplies,Binders,12.176,4,0.8,-18.8728
First Class,Corporate,United States,San Francisco,California,94109,West,Office Supplies,Paper,50.96,7,0,25.48
First Class,Corporate,United States,San Francisco,California,94109,West,Office Supplies,Binders,49.536,3,0.2,17.3376
Second Class,Corporate,United States,Taylor,Michigan,48180,Central,Technology,Accessories,41.9,2,0,8.799
Standard Class,Consumer,United States,Pembroke Pines,Florida,33024,South,Furniture,Tables,375.4575,3,0.45,-157.0095
Standard Class,Consumer,United States,Pembroke Pines,Florida,33024,South,Technology,Accessories,83.976,3,0.2,-1.0497
Standard Class,Corporate,United States,Philadelphia,Pennsylvania,19140,East,Technology,Machines,482.34,4,0.7,-337.638
Standard Class,Corporate,United States,Philadelphia,Pennsylvania,19140,East,Furniture,Furnishings,2.96,1,0.2,0.777
First Class,Consumer,United States,Cincinnati,Ohio,45231,East,Office Supplies,Art,2.624,1,0.2,0.4264
Standard Class,Consumer,United States,New York City,New York,10009,East,Office Supplies,Binders,23.36,4,0.2,7.884
Standard Class,Consumer,United States,New York City,New York,10009,East,Technology,Accessories,39.98,2,0,13.5932
Second Class,Consumer,United States,Des Moines,Washington,98198,West,Technology,Phones,246.384,2,0.2,27.7182
Second Class,Consumer,United States,Des Moines,Washington,98198,West,Technology,Copiers,1799.97,3,0,701.9883
Second Class,Corporate,United States,Peoria,Illinois,61604,Central,Office Supplies,Binders,12.462,3,0.8,-20.5623
Standard Class,Home Office,United States,Las Vegas,Nevada,89115,West,Office Supplies,Binders,75.792,3,0.2,25.5798
Second Class,Corporate,United States,Warwick,Rhode Island,2886,East,Office Supplies,Storage,49.96,2,0,9.4924
Second Class,Corporate,United States,Warwick,Rhode Island,2886,East,Office Supplies,Paper,12.96,2,0,6.2208
Standard Class,Home Office,United States,Jackson,Michigan,49201,Central,Office Supplies,Supplies,70.12,4,0,21.036
Second Class,Consumer,United States,Houston,Texas,77036,Central,Office Supplies,Storage,35.952,3,0.2,3.5952
Second Class,Consumer,United States,Houston,Texas,77036,Central,Furniture,Bookcases,2396.2656,4,0.32,-317.1528
Second Class,Consumer,United States,Houston,Texas,77036,Central,Office Supplies,Storage,131.136,4,0.2,-32.784
Second Class,Consumer,United States,Houston,Texas,77036,Central,Technology,Accessories,57.584,2,0.2,0.7198
First Class,Consumer,United States,Miami,Florida,33180,South,Office Supplies,Paper,9.568,2,0.2,3.4684
Standard Class,Corporate,United States,Wilmington,North Carolina,28403,South,Office Supplies,Art,39.072,6,0.2,9.768
Standard Class,Consumer,United States,New York City,New York,10024,East,Office Supplies,Appliances,35.91,3,0,9.6957
Standard Class,Consumer,United States,San Francisco,California,94110,West,Technology,Accessories,179.95,5,0,37.7895
Standard Class,Consumer,United States,San Francisco,California,94110,West,Technology,Copiers,1199.976,3,0.2,434.9913
Standard Class,Consumer,United States,San Francisco,California,94110,West,Office Supplies,Paper,27.15,5,0,13.3035
Standard Class,Consumer,United States,San Francisco,California,94110,West,Furniture,Tables,1004.024,7,0.2,-112.9527
Standard Class,Consumer,United States,San Francisco,California,94110,West,Office Supplies,Paper,9.68,1,0,4.6464
Standard Class,Consumer,United States,San Francisco,California,94110,West,Office Supplies,Labels,28.35,9,0,13.608
Standard Class,Consumer,United States,San Francisco,California,94110,West,Office Supplies,Paper,55.98,1,0,27.4302
Standard Class,Consumer,United States,San Francisco,California,94110,West,Furniture,Bookcases,1336.829,13,0.15,31.4548
Standard Class,Consumer,United States,San Francisco,California,94110,West,Furniture,Chairs,113.568,2,0.2,-18.4548
Standard Class,Corporate,United States,Seattle,Washington,98105,West,Office Supplies,Paper,139.86,7,0,65.7342
Standard Class,Corporate,United States,Seattle,Washington,98105,West,Furniture,Chairs,307.136,4,0.2,26.8744
Standard Class,Consumer,United States,Huntington Beach,California,92646,West,Office Supplies,Art,95.92,8,0,25.8984
Standard Class,Consumer,United States,Los Angeles,California,90004,West,Furniture,Chairs,383.8,5,0.2,38.38
Standard Class,Corporate,United States,Richmond,Kentucky,40475,South,Office Supplies,Paper,5.78,1,0,2.8322
Standard Class,Corporate,United States,Los Angeles,California,90045,West,Office Supplies,Art,9.32,4,0,2.7028
Standard Class,Corporate,United States,Los Angeles,California,90045,West,Office Supplies,Envelopes,15.25,1,0,7.015
First Class,Consumer,United States,Louisville,Colorado,80027,West,Technology,Accessories,196.752,6,0.2,56.5662
Standard Class,Corporate,United States,Lawrence,Massachusetts,1841,East,Furniture,Furnishings,56.56,4,0,14.7056
Standard Class,Corporate,United States,Lawrence,Massachusetts,1841,East,Office Supplies,Storage,32.7,3,0,8.502
Second Class,Consumer,United States,Jackson,Mississippi,39212,South,Furniture,Chairs,866.4,4,0,225.264
Second Class,Corporate,United States,Canton,Michigan,48187,Central,Furniture,Furnishings,28.4,2,0,11.076
Second Class,Corporate,United States,Canton,Michigan,48187,Central,Office Supplies,Binders,287.92,8,0,138.2016
First Class,Home Office,United States,New Rochelle,New York,10801,East,Technology,Machines,69.99,1,0,30.0957
Standard Class,Corporate,United States,San Antonio,Texas,78207,Central,Office Supplies,Art,6.672,6,0.2,0.5004
Standard Class,Home Office,United States,Gastonia,North Carolina,28052,South,Office Supplies,Binders,189.588,2,0.7,-145.3508
Standard Class,Home Office,United States,Gastonia,North Carolina,28052,South,Technology,Accessories,408.744,7,0.2,76.6395
Standard Class,Home Office,United States,Gastonia,North Carolina,28052,South,Technology,Accessories,291.96,5,0.2,54.7425
Standard Class,Home Office,United States,Gastonia,North Carolina,28052,South,Office Supplies,Storage,4.768,2,0.2,-0.7748
First Class,Consumer,United States,Lowell,Massachusetts,1852,East,Office Supplies,Storage,714.3,5,0,207.147
Standard Class,Consumer,United States,Jacksonville,Florida,32216,South,Office Supplies,Binders,4.812,2,0.7,-3.6892
Standard Class,Consumer,United States,Jacksonville,Florida,32216,South,Technology,Accessories,247.8,5,0.2,-18.585
Second Class,Home Office,United States,Chicago,Illinois,60623,Central,Technology,Machines,1007.979,3,0.3,43.1991
Second Class,Home Office,United States,Chicago,Illinois,60623,Central,Office Supplies,Paper,313.488,7,0.2,113.6394
Standard Class,Corporate,United States,Houston,Texas,77070,Central,Office Supplies,Paper,31.872,8,0.2,11.5536
Second Class,Corporate,United States,New York City,New York,10024,East,Furniture,Chairs,207.846,3,0.1,2.3094
Second Class,Consumer,United States,Detroit,Michigan,48227,Central,Furniture,Furnishings,12.22,1,0,3.666
Second Class,Consumer,United States,Detroit,Michigan,48227,Central,Office Supplies,Storage,194.94,3,0,23.3928
Second Class,Consumer,United States,Detroit,Michigan,48227,Central,Office Supplies,Storage,70.95,3,0,20.5755
Second Class,Consumer,United States,Detroit,Michigan,48227,Central,Office Supplies,Paper,91.36,4,0,42.0256
Second Class,Consumer,United States,Detroit,Michigan,48227,Central,Furniture,Chairs,242.94,3,0,29.1528
Second Class,Consumer,United States,Detroit,Michigan,48227,Central,Office Supplies,Labels,22.05,7,0,10.584
Second Class,Consumer,United States,Columbus,Indiana,47201,Central,Furniture,Furnishings,2.91,1,0,1.3677
Second Class,Consumer,United States,Auburn,New York,13021,East,Office Supplies,Art,59.52,3,0,15.4752
Second Class,Consumer,United States,Auburn,New York,13021,East,Office Supplies,Storage,161.94,3,0,9.7164
Second Class,Consumer,United States,Auburn,New York,13021,East,Office Supplies,Art,263.88,6,0,71.2476
Second Class,Consumer,United States,Auburn,New York,13021,East,Office Supplies,Art,30.48,3,0,7.9248
Second Class,Consumer,United States,Auburn,New York,13021,East,Office Supplies,Art,9.84,3,0,2.8536
Second Class,Consumer,United States,Auburn,New York,13021,East,Technology,Phones,35.12,4,0,9.1312
Standard Class,Corporate,United States,Akron,Ohio,44312,East,Furniture,Tables,284.364,2,0.4,-75.8304
Standard Class,Corporate,United States,Akron,Ohio,44312,East,Office Supplies,Storage,665.408,2,0.2,66.5408
Standard Class,Corporate,United States,Norman,Oklahoma,73071,Central,Technology,Accessories,63.88,4,0,24.9132
Standard Class,Consumer,United States,Concord,California,94521,West,Furniture,Chairs,129.568,2,0.2,-24.294
Standard Class,Consumer,United States,Decatur,Illinois,62521,Central,Furniture,Chairs,747.558,3,0.3,-96.1146
Standard Class,Consumer,United States,Decatur,Illinois,62521,Central,Office Supplies,Envelopes,8.928,2,0.2,3.348
Standard Class,Consumer,United States,Seattle,Washington,98115,West,Office Supplies,Appliances,103.92,4,0,36.372
Standard Class,Consumer,United States,Seattle,Washington,98115,West,Technology,Accessories,899.91,9,0,377.9622
Standard Class,Consumer,United States,Seattle,Washington,98115,West,Office Supplies,Binders,51.312,3,0.2,18.6006
Standard Class,Home Office,United States,Phoenix,Arizona,85023,West,Furniture,Furnishings,23.56,5,0.2,7.068
Standard Class,Home Office,United States,Phoenix,Arizona,85023,West,Furniture,Tables,1272.63,6,0.5,-814.4832
Standard Class,Home Office,United States,Phoenix,Arizona,85023,West,Office Supplies,Binders,28.485,5,0.7,-20.889
Standard Class,Home Office,United States,Phoenix,Arizona,85023,West,Office Supplies,Supplies,185.376,2,0.2,-34.758
Standard Class,Home Office,United States,Phoenix,Arizona,85023,West,Office Supplies,Appliances,78.272,2,0.2,5.8704
Standard Class,Home Office,United States,Park Ridge,Illinois,60068,Central,Furniture,Furnishings,254.744,7,0.6,-312.0614
Standard Class,Corporate,United States,Amarillo,Texas,79109,Central,Furniture,Bookcases,205.3328,2,0.32,-36.2352
Second Class,Consumer,United States,Chicago,Illinois,60610,Central,Office Supplies,Binders,4.788,3,0.8,-7.9002
Standard Class,Corporate,United States,Lindenhurst,New York,11757,East,Office Supplies,Paper,55.48,1,0,26.6304
Second Class,Consumer,United States,San Francisco,California,94110,West,Office Supplies,Storage,340.92,3,0,3.4092
Second Class,Consumer,United States,San Francisco,California,94110,West,Furniture,Bookcases,222.666,2,0.15,10.4784
Second Class,Consumer,United States,San Francisco,California,94110,West,Technology,Phones,703.968,4,0.2,87.996
Second Class,Consumer,United States,San Francisco,California,94110,West,Office Supplies,Storage,92.52,6,0,24.9804
Second Class,Consumer,United States,San Francisco,California,94110,West,Office Supplies,Paper,62.65,7,0,28.819
Second Class,Consumer,United States,San Francisco,California,94110,West,Office Supplies,Paper,94.85,5,0,45.528
Standard Class,Corporate,United States,Los Angeles,California,90008,West,Technology,Phones,95.76,6,0.2,7.182
Standard Class,Consumer,United States,Troy,New York,12180,East,Furniture,Furnishings,40.2,3,0,19.296
Standard Class,Corporate,United States,New York City,New York,10024,East,Office Supplies,Art,14.7,5,0,6.615
Standard Class,Corporate,United States,New York City,New York,10024,East,Office Supplies,Storage,704.25,5,0,84.51
Standard Class,Consumer,United States,San Diego,California,92024,West,Technology,Accessories,9.09,3,0,1.9089
Standard Class,Consumer,United States,New York City,New York,10024,East,Office Supplies,Art,5.96,2,0,1.6688
Standard Class,Consumer,United States,New York City,New York,10024,East,Technology,Accessories,159.98,2,0,57.5928
First Class,Home Office,United States,Los Angeles,California,90045,West,Office Supplies,Labels,29.6,2,0,14.8
First Class,Home Office,United States,Los Angeles,California,90045,West,Furniture,Bookcases,514.165,5,0.15,-30.245
First Class,Home Office,United States,Los Angeles,California,90045,West,Technology,Phones,279.96,5,0.2,17.4975
First Class,Consumer,United States,Chicago,Illinois,60610,Central,Technology,Phones,2735.952,6,0.2,341.994
Second Class,Home Office,United States,Huntsville,Texas,77340,Central,Technology,Phones,7.992,1,0.2,0.5994
Second Class,Home Office,United States,Huntsville,Texas,77340,Central,Technology,Accessories,63.984,2,0.2,10.3974
Second Class,Home Office,United States,Huntsville,Texas,77340,Central,Office Supplies,Art,70.368,2,0.2,6.1572
Standard Class,Consumer,United States,Rochester,New York,14609,East,Office Supplies,Storage,449.15,5,0,8.983
Standard Class,Consumer,United States,Rochester,New York,14609,East,Office Supplies,Envelopes,11.07,3,0,5.0922
Standard Class,Consumer,United States,Seattle,Washington,98115,West,Technology,Accessories,93.98,2,0,13.1572
Second Class,Consumer,United States,Memphis,Tennessee,38109,South,Furniture,Tables,189.882,3,0.4,-94.941
Standard Class,Consumer,United States,Fayetteville,Arkansas,72701,South,Office Supplies,Envelopes,105.42,2,0,51.6558
Standard Class,Consumer,United States,Costa Mesa,California,92627,West,Office Supplies,Binders,119.616,8,0.2,40.3704
Standard Class,Consumer,United States,Costa Mesa,California,92627,West,Furniture,Furnishings,255.76,4,0,81.8432
Standard Class,Consumer,United States,Costa Mesa,California,92627,West,Furniture,Chairs,241.568,2,0.2,18.1176
Standard Class,Consumer,United States,Costa Mesa,California,92627,West,Furniture,Furnishings,69.3,9,0,22.869
Standard Class,Corporate,United States,Parker,Colorado,80134,West,Office Supplies,Binders,22.62,2,0.7,-15.08
Standard Class,Corporate,United States,Parker,Colorado,80134,West,Office Supplies,Binders,14.952,2,0.7,-11.9616
Standard Class,Corporate,United States,Parker,Colorado,80134,West,Furniture,Chairs,801.568,2,0.2,50.098
Standard Class,Corporate,United States,Parker,Colorado,80134,West,Office Supplies,Binders,2.376,3,0.7,-1.9008
Standard Class,Corporate,United States,Parker,Colorado,80134,West,Office Supplies,Paper,32.792,1,0.2,11.8871
Second Class,Corporate,United States,New York City,New York,10024,East,Office Supplies,Binders,15.92,5,0.2,5.373
Standard Class,Consumer,United States,Atlanta,Georgia,30318,South,Office Supplies,Art,2.74,1,0,0.7398
Standard Class,Consumer,United States,Atlanta,Georgia,30318,South,Office Supplies,Art,8.34,3,0,2.1684
Standard Class,Consumer,United States,Atlanta,Georgia,30318,South,Office Supplies,Storage,46.74,3,0,11.685
Standard Class,Consumer,United States,Atlanta,Georgia,30318,South,Office Supplies,Binders,6354.95,5,0,3177.475
First Class,Consumer,United States,Gladstone,Missouri,64118,Central,Furniture,Furnishings,126.3,3,0,40.416
First Class,Consumer,United States,Gladstone,Missouri,64118,Central,Technology,Accessories,38.04,2,0,12.1728
First Class,Consumer,United States,Newark,Ohio,43055,East,Office Supplies,Art,7.152,3,0.2,0.7152
Standard Class,Consumer,United States,Los Angeles,California,90049,West,Office Supplies,Art,6.63,3,0,1.7901
Standard Class,Consumer,United States,Los Angeles,California,90049,West,Office Supplies,Art,5.88,2,0,1.7052
Standard Class,Home Office,United States,Great Falls,Montana,59405,West,Technology,Copiers,2999.95,5,0,1379.977
Standard Class,Home Office,United States,Great Falls,Montana,59405,West,Office Supplies,Storage,51.45,3,0,13.8915
Standard Class,Home Office,United States,Great Falls,Montana,59405,West,Office Supplies,Paper,11.96,2,0,5.382
Standard Class,Home Office,United States,Great Falls,Montana,59405,West,Office Supplies,Storage,1126.02,3,0,56.301
Standard Class,Consumer,United States,Houston,Texas,77041,Central,Technology,Accessories,18.392,1,0.2,5.2877
Standard Class,Consumer,United States,Houston,Texas,77041,Central,Office Supplies,Storage,129.568,2,0.2,-25.9136
Standard Class,Consumer,United States,Houston,Texas,77041,Central,Office Supplies,Binders,14.112,9,0.8,-21.168
First Class,Corporate,United States,Detroit,Michigan,48234,Central,Furniture,Tables,210.98,2,0,21.098
First Class,Consumer,United States,Los Angeles,California,90032,West,Technology,Phones,55.176,3,0.2,-12.4146
First Class,Consumer,United States,Los Angeles,California,90032,West,Technology,Accessories,66.26,2,0,27.1666
Standard Class,Consumer,United States,Lawrence,Massachusetts,1841,East,Office Supplies,Fasteners,22.2,5,0,10.434
Standard Class,Home Office,United States,Lakeland,Florida,33801,South,Furniture,Chairs,683.952,3,0.2,42.747
Standard Class,Home Office,United States,Lakeland,Florida,33801,South,Furniture,Furnishings,45.696,3,0.2,5.1408
Standard Class,Consumer,United States,Philadelphia,Pennsylvania,19134,East,Office Supplies,Storage,36.336,3,0.2,-7.2672
Standard Class,Consumer,United States,Philadelphia,Pennsylvania,19134,East,Office Supplies,Supplies,666.248,1,0.2,-149.9058
Standard Class,Consumer,United States,Philadelphia,Pennsylvania,19134,East,Office Supplies,Envelopes,52.512,6,0.2,19.692
Second Class,Corporate,United States,Los Angeles,California,90036,West,Furniture,Chairs,190.72,1,0.2,11.92
Standard Class,Consumer,United States,Los Angeles,California,90032,West,Furniture,Furnishings,47.94,3,0,2.397
Second Class,Consumer,United States,Montgomery,Alabama,36116,South,Technology,Phones,979.95,5,0,274.386
Second Class,Consumer,United States,Montgomery,Alabama,36116,South,Office Supplies,Binders,22.75,5,0,11.375
Standard Class,Consumer,United States,Mesa,Arizona,85204,West,Office Supplies,Storage,16.768,2,0.2,1.4672
Second Class,Consumer,United States,Chicago,Illinois,60653,Central,Office Supplies,Binders,42.616,7,0.8,-68.1856
Standard Class,Home Office,United States,New York City,New York,10009,East,Office Supplies,Binders,10.752,4,0.2,3.36
Standard Class,Consumer,United States,Henderson,Kentucky,42420,South,Office Supplies,Appliances,152.94,3,0,41.2938
Standard Class,Consumer,United States,Henderson,Kentucky,42420,South,Furniture,Chairs,283.92,4,0,70.98
First Class,Consumer,United States,Green Bay,Wisconsin,54302,Central,Technology,Accessories,468.9,6,0,206.316
First Class,Corporate,United States,Tucson,Arizona,85705,West,Technology,Phones,380.864,8,0.2,38.0864
Standard Class,Consumer,United States,Springfield,Ohio,45503,East,Office Supplies,Storage,646.776,9,0.2,-145.5246
Standard Class,Consumer,United States,Fort Worth,Texas,76106,Central,Technology,Accessories,58.112,2,0.2,7.264
Standard Class,Consumer,United States,Fort Worth,Texas,76106,Central,Technology,Phones,100.792,1,0.2,6.2995
Standard Class,Consumer,United States,Fort Worth,Texas,76106,Central,Furniture,Furnishings,66.112,4,0.6,-84.2928
First Class,Home Office,United States,New York City,New York,10035,East,Office Supplies,Binders,41.28,6,0.2,13.932
First Class,Home Office,United States,New York City,New York,10035,East,Office Supplies,Paper,13.36,2,0,6.4128
Second Class,Corporate,United States,Chicago,Illinois,60653,Central,Office Supplies,Storage,250.272,9,0.2,15.642
Second Class,Corporate,United States,Chicago,Illinois,60653,Central,Office Supplies,Binders,11.364,3,0.8,-17.046
Second Class,Corporate,United States,Chicago,Illinois,60653,Central,Office Supplies,Supplies,8.72,5,0.2,-1.744
Second Class,Consumer,United States,San Francisco,California,94110,West,Furniture,Chairs,1121.568,2,0.2,0
First Class,Consumer,United States,Jacksonville,Florida,32216,South,Furniture,Furnishings,34.504,1,0.2,6.0382
Standard Class,Consumer,United States,Houston,Texas,77070,Central,Office Supplies,Fasteners,10.824,3,0.2,2.5707
Second Class,Corporate,United States,Anaheim,California,92804,West,Office Supplies,Storage,1295.78,2,0,310.9872
Second Class,Consumer,United States,Wilmington,North Carolina,28403,South,Office Supplies,Art,19.456,4,0.2,3.4048
Standard Class,Consumer,United States,Los Angeles,California,90045,West,Office Supplies,Labels,20.7,2,0,9.936
Standard Class,Consumer,United States,Los Angeles,California,90045,West,Furniture,Tables,1335.68,4,0.2,-217.048
Standard Class,Consumer,United States,Los Angeles,California,90045,West,Office Supplies,Paper,32.4,5,0,15.552
Second Class,Consumer,United States,San Francisco,California,94110,West,Furniture,Furnishings,42.6,3,0,16.614
Second Class,Consumer,United States,San Francisco,California,94110,West,Office Supplies,Binders,84.056,7,0.2,27.3182
Second Class,Consumer,United States,Tampa,Florida,33614,South,Office Supplies,Appliances,13,5,0.2,1.3
Second Class,Consumer,United States,Tampa,Florida,33614,South,Furniture,Furnishings,13.128,3,0.2,3.7743
First Class,Consumer,United States,Seattle,Washington,98105,West,Office Supplies,Fasteners,3.96,2,0,0
First Class,Consumer,United States,Seattle,Washington,98105,West,Office Supplies,Labels,2.61,1,0,1.2006
First Class,Consumer,United States,Los Angeles,California,90008,West,Technology,Phones,374.376,3,0.2,46.797
Standard Class,Corporate,United States,Seattle,Washington,98105,West,Office Supplies,Paper,91.84,8,0,45.0016
Standard Class,Corporate,United States,Seattle,Washington,98105,West,Office Supplies,Binders,81.088,7,0.2,27.3672
Standard Class,Corporate,United States,Seattle,Washington,98105,West,Office Supplies,Paper,19.44,3,0,9.3312
Standard Class,Corporate,United States,Seattle,Washington,98105,West,Furniture,Chairs,451.152,3,0.2,0
Standard Class,Consumer,United States,New York City,New York,10024,East,Office Supplies,Labels,72.45,7,0,34.776
Standard Class,Consumer,United States,New York City,New York,10024,East,Office Supplies,Fasteners,13.96,4,0,6.4216
Standard Class,Consumer,United States,New York City,New York,10024,East,Office Supplies,Binders,33.264,7,0.2,11.2266
Standard Class,Consumer,United States,New York City,New York,10024,East,Technology,Phones,14.85,3,0,4.0095
Standard Class,Consumer,United States,Marysville,Washington,98270,West,Office Supplies,Art,8.82,3,0,2.3814
Second Class,Consumer,United States,Long Beach,California,90805,West,Office Supplies,Paper,160.72,14,0,78.7528
Second Class,Consumer,United States,Long Beach,California,90805,West,Office Supplies,Paper,19.92,4,0,9.7608
Second Class,Consumer,United States,Long Beach,California,90805,West,Office Supplies,Supplies,7.3,2,0,2.19
Standard Class,Consumer,United States,Chicago,Illinois,60610,Central,Office Supplies,Storage,69.712,2,0.2,8.714
Standard Class,Consumer,United States,Chicago,Illinois,60610,Central,Furniture,Furnishings,8.792,1,0.6,-5.7148
Standard Class,Consumer,United States,Los Angeles,California,90004,West,Office Supplies,Supplies,51.52,4,0,1.5456
Standard Class,Consumer,United States,Denver,Colorado,80219,West,Technology,Phones,470.376,3,0.2,52.9173
Standard Class,Consumer,United States,Denver,Colorado,80219,West,Technology,Phones,105.584,2,0.2,9.2386
Standard Class,Consumer,United States,Denver,Colorado,80219,West,Office Supplies,Appliances,31.152,3,0.2,3.5046
Standard Class,Consumer,United States,Denver,Colorado,80219,West,Office Supplies,Binders,6.783,7,0.7,-4.7481
Standard Class,Consumer,United States,Denver,Colorado,80219,West,Technology,Phones,406.368,4,0.2,30.4776
Standard Class,Consumer,United States,Richmond,Kentucky,40475,South,Furniture,Chairs,70.98,1,0,4.9686
Standard Class,Consumer,United States,Richmond,Kentucky,40475,South,Office Supplies,Labels,294.93,3,0,144.5157
Standard Class,Consumer,United States,Salem,Oregon,97301,West,Technology,Phones,84.784,2,0.2,-20.1362
Standard Class,Consumer,United States,Salem,Oregon,97301,West,Office Supplies,Paper,20.736,4,0.2,7.2576
Standard Class,Consumer,United States,Salem,Oregon,97301,West,Office Supplies,Binders,16.821,3,0.7,-12.8961
Standard Class,Consumer,United States,Salem,Oregon,97301,West,Office Supplies,Paper,10.368,2,0.2,3.6288
Standard Class,Consumer,United States,Laredo,Texas,78041,Central,Office Supplies,Art,9.344,2,0.2,1.168
Standard Class,Consumer,United States,Laredo,Texas,78041,Central,Technology,Accessories,31.2,3,0.2,9.75
Standard Class,Consumer,United States,San Diego,California,92024,West,Office Supplies,Appliances,76.12,2,0,22.0748
Standard Class,Consumer,United States,San Diego,California,92024,West,Technology,Copiers,1199.976,3,0.2,434.9913
Standard Class,Consumer,United States,San Diego,California,92024,West,Technology,Phones,445.96,5,0.2,55.745
Standard Class,Consumer,United States,San Diego,California,92024,West,Furniture,Furnishings,327.76,8,0,91.7728
First Class,Consumer,United States,Philadelphia,Pennsylvania,19134,East,Office Supplies,Supplies,11.632,2,0.2,1.0178
Standard Class,Consumer,United States,Philadelphia,Pennsylvania,19120,East,Technology,Phones,143.982,3,0.4,-28.7964
Standard Class,Consumer,United States,Philadelphia,Pennsylvania,19120,East,Technology,Phones,494.376,4,0.4,-115.3544
Standard Class,Consumer,United States,Philadelphia,Pennsylvania,19120,East,Office Supplies,Supplies,5.84,2,0.2,0.73
Standard Class,Consumer,United States,Tampa,Florida,33614,South,Office Supplies,Storage,142.776,1,0.2,17.847
Standard Class,Consumer,United States,Tampa,Florida,33614,South,Furniture,Furnishings,45.696,3,0.2,5.1408
Standard Class,Consumer,United States,Tampa,Florida,33614,South,Office Supplies,Binders,7.218,3,0.7,-5.5338
Standard Class,Consumer,United States,Tampa,Florida,33614,South,Office Supplies,Binders,43.188,4,0.7,-31.6712
Standard Class,Consumer,United States,Tampa,Florida,33614,South,Office Supplies,Paper,131.904,3,0.2,47.8152
Standard Class,Consumer,United States,Philadelphia,Pennsylvania,19134,East,Office Supplies,Binders,3.282,2,0.7,-2.6256
Standard Class,Consumer,United States,Philadelphia,Pennsylvania,19134,East,Office Supplies,Art,21.168,9,0.2,2.3814
Standard Class,Consumer,United States,Philadelphia,Pennsylvania,19134,East,Technology,Phones,55.188,2,0.4,-10.1178
First Class,Corporate,United States,Dallas,Texas,75217,Central,Technology,Phones,369.576,3,0.2,41.5773
First Class,Corporate,United States,Dallas,Texas,75217,Central,Office Supplies,Labels,15.712,4,0.2,5.6956
Second Class,Corporate,United States,Philadelphia,Pennsylvania,19143,East,Office Supplies,Paper,8.448,2,0.2,2.64
Second Class,Corporate,United States,Philadelphia,Pennsylvania,19143,East,Technology,Phones,728.946,9,0.4,-157.9383
Second Class,Consumer,United States,Grove City,Ohio,43123,East,Technology,Phones,119.94,10,0.4,15.992
Second Class,Consumer,United States,Grove City,Ohio,43123,East,Office Supplies,Binders,3.648,2,0.7,-2.7968
Second Class,Corporate,United States,New York City,New York,10011,East,Furniture,Furnishings,40.48,2,0,15.7872
Second Class,Corporate,United States,New York City,New York,10011,East,Furniture,Furnishings,9.94,2,0,3.0814
Second Class,Corporate,United States,New York City,New York,10011,East,Office Supplies,Binders,107.424,9,0.2,33.57
Second Class,Corporate,United States,New York City,New York,10011,East,Technology,Phones,37.91,1,0,10.9939
Second Class,Corporate,United States,New York City,New York,10011,East,Furniture,Furnishings,88.02,3,0,27.2862
Standard Class,Consumer,United States,Chicago,Illinois,60610,Central,Office Supplies,Binders,8.69,5,0.8,-14.773
Standard Class,Corporate,United States,Dearborn,Michigan,48126,Central,Furniture,Chairs,301.96,2,0,87.5684
Standard Class,Corporate,United States,Dearborn,Michigan,48126,Central,Office Supplies,Appliances,555.21,5,0.1,178.901
Standard Class,Corporate,United States,Dearborn,Michigan,48126,Central,Office Supplies,Storage,523.48,4,0,130.87
Standard Class,Corporate,United States,Dearborn,Michigan,48126,Central,Office Supplies,Art,161.82,9,0,46.9278
Standard Class,Home Office,United States,New York City,New York,10009,East,Furniture,Furnishings,35.56,7,0,12.0904
Standard Class,Consumer,United States,Seattle,Washington,98115,West,Office Supplies,Appliances,97.16,2,0,28.1764
Standard Class,Consumer,United States,San Francisco,California,94122,West,Office Supplies,Binders,15.24,5,0.2,5.1435
Standard Class,Consumer,United States,San Francisco,California,94122,West,Office Supplies,Paper,13.23,3,0,6.0858
Second Class,Consumer,United States,Aurora,Colorado,80013,West,Office Supplies,Storage,243.384,3,0.2,-51.7191
Second Class,Consumer,United States,Aurora,Colorado,80013,West,Technology,Accessories,119.8,5,0.2,29.95
Second Class,Consumer,United States,Aurora,Colorado,80013,West,Technology,Phones,300.768,4,0.2,30.0768
Second Class,Consumer,United States,Miami,Florida,33180,South,Technology,Accessories,17.88,3,0.2,2.4585
Second Class,Consumer,United States,Miami,Florida,33180,South,Office Supplies,Labels,235.944,3,0.2,85.5297
Second Class,Corporate,United States,Warner Robins,Georgia,31088,South,Furniture,Chairs,392.94,3,0,43.2234
Standard Class,Consumer,United States,Aurora,Colorado,80013,West,Office Supplies,Binders,18.882,3,0.7,-13.8468
Standard Class,Consumer,United States,Aurora,Colorado,80013,West,Office Supplies,Appliances,122.328,3,0.2,12.2328
Standard Class,Home Office,United States,Vallejo,California,94591,West,Furniture,Furnishings,1049.2,5,0,272.792
Standard Class,Home Office,United States,Vallejo,California,94591,West,Office Supplies,Binders,15.424,4,0.2,5.0128
Standard Class,Corporate,United States,Minneapolis,Minnesota,55407,Central,Furniture,Furnishings,18.84,3,0,6.0288
Second Class,Consumer,United States,Mission Viejo,California,92691,West,Office Supplies,Storage,330.4,2,0,85.904
Second Class,Consumer,United States,Mission Viejo,California,92691,West,Office Supplies,Labels,26.25,7,0,12.6
Standard Class,Consumer,United States,Rochester Hills,Michigan,48307,Central,Technology,Accessories,132.52,4,0,54.3332
Standard Class,Home Office,United States,Plainfield,New Jersey,7060,East,Office Supplies,Paper,6.48,1,0,3.1752
Standard Class,Home Office,United States,Columbus,Indiana,47201,Central,Office Supplies,Appliances,209.3,2,0,56.511
Standard Class,Corporate,United States,Sierra Vista,Arizona,85635,West,Office Supplies,Fasteners,31.56,5,0.2,9.8625
Standard Class,Corporate,United States,Sierra Vista,Arizona,85635,West,Office Supplies,Appliances,30.144,2,0.2,3.0144
Second Class,Corporate,United States,Vancouver,Washington,98661,West,Furniture,Furnishings,14.8,4,0,6.068
Second Class,Corporate,United States,Vancouver,Washington,98661,West,Technology,Phones,302.376,3,0.2,22.6782
Second Class,Corporate,United States,Vancouver,Washington,98661,West,Technology,Accessories,316,4,0,31.6
Standard Class,Home Office,United States,New York City,New York,10024,East,Office Supplies,Paper,379.4,10,0,178.318
Standard Class,Corporate,United States,New York City,New York,10035,East,Office Supplies,Paper,97.82,2,0,45.9754
Standard Class,Corporate,United States,New York City,New York,10035,East,Technology,Accessories,103.12,8,0,10.312
Standard Class,Consumer,United States,Columbus,Ohio,43229,East,Office Supplies,Appliances,113.552,2,0.2,8.5164
Standard Class,Consumer,United States,Columbus,Ohio,43229,East,Office Supplies,Binders,3.318,2,0.7,-2.6544
Standard Class,Consumer,United States,Columbus,Ohio,43229,East,Office Supplies,Envelopes,134.288,2,0.2,45.3222
Same Day,Home Office,United States,Aurora,Illinois,60505,Central,Furniture,Chairs,701.372,2,0.3,-50.098
Same Day,Home Office,United States,Aurora,Illinois,60505,Central,Office Supplies,Binders,2.308,2,0.8,-3.462
Standard Class,Consumer,United States,Arlington,Texas,76017,Central,Office Supplies,Storage,999.432,7,0.2,124.929
Standard Class,Consumer,United States,Arlington,Texas,76017,Central,Office Supplies,Storage,724.08,14,0.2,-135.765
Standard Class,Consumer,United States,Arlington,Texas,76017,Central,Furniture,Tables,918.785,5,0.3,-118.1295
Standard Class,Consumer,United States,Arlington,Texas,76017,Central,Office Supplies,Binders,2.724,3,0.8,-4.2222
Standard Class,Corporate,United States,New York City,New York,10011,East,Office Supplies,Storage,459.95,5,0,18.398
Same Day,Consumer,United States,Louisville,Kentucky,40214,South,Office Supplies,Fasteners,10.74,3,0,5.2626
Second Class,Corporate,United States,Dallas,Texas,75081,Central,Office Supplies,Supplies,23.76,3,0.2,2.079
Second Class,Corporate,United States,Dallas,Texas,75081,Central,Office Supplies,Paper,85.056,3,0.2,28.7064
Second Class,Corporate,United States,Dallas,Texas,75081,Central,Technology,Phones,381.576,3,0.2,28.6182
First Class,Consumer,United States,Cleveland,Ohio,44105,East,Furniture,Furnishings,30.36,5,0.2,8.7285
Standard Class,Home Office,United States,Chicago,Illinois,60653,Central,Furniture,Furnishings,23.976,3,0.6,-14.3856
Standard Class,Home Office,United States,Chicago,Illinois,60653,Central,Furniture,Tables,108.925,1,0.5,-71.8905
Standard Class,Home Office,United States,Chicago,Illinois,60653,Central,Office Supplies,Paper,36.352,8,0.2,11.36
Standard Class,Consumer,United States,Quincy,Illinois,62301,Central,Office Supplies,Art,19.56,5,0.2,1.7115
First Class,Consumer,United States,Columbus,Indiana,47201,Central,Office Supplies,Appliances,61.44,3,0,16.5888
First Class,Consumer,United States,Columbus,Indiana,47201,Central,Office Supplies,Paper,38.9,5,0,17.505
First Class,Consumer,United States,Columbus,Indiana,47201,Central,Technology,Accessories,99.39,3,0,40.7499
Standard Class,Consumer,United States,Tyler,Texas,75701,Central,Office Supplies,Appliances,2.688,3,0.8,-7.392
Standard Class,Consumer,United States,Tyler,Texas,75701,Central,Technology,Accessories,27.816,3,0.2,4.5201
Standard Class,Consumer,United States,Tyler,Texas,75701,Central,Furniture,Furnishings,82.524,3,0.6,-41.262
Standard Class,Consumer,United States,Tyler,Texas,75701,Central,Office Supplies,Binders,182.994,3,0.8,-320.2395
Standard Class,Consumer,United States,New York City,New York,10024,East,Office Supplies,Binders,14.352,3,0.2,4.6644
Standard Class,Consumer,United States,New York City,New York,10024,East,Office Supplies,Storage,64.96,2,0,2.5984
Standard Class,Consumer,United States,New York City,New York,10024,East,Office Supplies,Storage,68.6,4,0,18.522
Same Day,Corporate,United States,Burlington,North Carolina,27217,South,Technology,Machines,7999.98,4,0.5,-3839.9904
Same Day,Corporate,United States,Burlington,North Carolina,27217,South,Office Supplies,Appliances,167.44,2,0.2,14.651
First Class,Consumer,United States,Jackson,Mississippi,39212,South,Technology,Accessories,479.97,3,0,163.1898
First Class,Consumer,United States,Jackson,Mississippi,39212,South,Office Supplies,Labels,14.62,2,0,6.8714
First Class,Consumer,United States,Jackson,Mississippi,39212,South,Office Supplies,Paper,19.44,3,0,9.3312
Standard Class,Consumer,United States,New York City,New York,10035,East,Furniture,Bookcases,191.984,2,0.2,4.7996
Second Class,Consumer,United States,Waynesboro,Virginia,22980,South,Furniture,Furnishings,104.01,1,0,14.5614
Second Class,Consumer,United States,Waynesboro,Virginia,22980,South,Technology,Phones,284.82,1,0,74.0532
Second Class,Consumer,United States,Waynesboro,Virginia,22980,South,Office Supplies,Storage,36.84,3,0,10.3152
Standard Class,Consumer,United States,Los Angeles,California,90036,West,Technology,Accessories,166.24,1,0,24.936
Standard Class,Consumer,United States,Los Angeles,California,90036,West,Office Supplies,Paper,33.4,5,0,16.032
First Class,Home Office,United States,Chester,Pennsylvania,19013,East,Office Supplies,Art,198.272,8,0.2,17.3488
First Class,Home Office,United States,Chester,Pennsylvania,19013,East,Office Supplies,Labels,47.36,4,0.2,17.76
First Class,Home Office,United States,Chester,Pennsylvania,19013,East,Office Supplies,Envelopes,200.984,7,0.2,62.8075
First Class,Home Office,United States,Chester,Pennsylvania,19013,East,Office Supplies,Labels,97.696,4,0.2,31.7512
First Class,Home Office,United States,Chester,Pennsylvania,19013,East,Office Supplies,Art,2.696,1,0.2,0.8088
First Class,Home Office,United States,Chester,Pennsylvania,19013,East,Office Supplies,Binders,18.588,2,0.7,-13.6312
First Class,Home Office,United States,Chester,Pennsylvania,19013,East,Office Supplies,Binders,4.896,3,0.7,-3.4272
Standard Class,Corporate,United States,Cleveland,Ohio,44105,East,Furniture,Furnishings,15.072,3,0.2,4.1448
Second Class,Corporate,United States,Seattle,Washington,98103,West,Furniture,Furnishings,209.88,3,0,35.6796
Standard Class,Consumer,United States,Long Beach,California,90805,West,Furniture,Tables,369.912,3,0.2,-13.8717
Standard Class,Corporate,United States,Cary,North Carolina,27511,South,Office Supplies,Paper,10.368,2,0.2,3.6288
Standard Class,Corporate,United States,Cary,North Carolina,27511,South,Office Supplies,Appliances,166.84,5,0.2,18.7695
Standard Class,Corporate,United States,Cary,North Carolina,27511,South,Technology,Accessories,15.216,1,0.2,2.2824
First Class,Consumer,United States,New York City,New York,10035,East,Technology,Accessories,119.96,4,0,52.7824
First Class,Consumer,United States,New York City,New York,10035,East,Furniture,Bookcases,883.92,5,0.2,-110.49
First Class,Consumer,United States,New York City,New York,10035,East,Office Supplies,Binders,46.72,8,0.2,15.768
First Class,Home Office,United States,New York City,New York,10035,East,Office Supplies,Paper,55.48,1,0,26.6304
Standard Class,Consumer,United States,Palm Coast,Florida,32137,South,Office Supplies,Envelopes,24.448,4,0.2,8.8624
Standard Class,Corporate,United States,Mount Vernon,New York,10550,East,Office Supplies,Appliances,281.34,6,0,109.7226
Standard Class,Corporate,United States,Mount Vernon,New York,10550,East,Technology,Phones,307.98,2,0,89.3142
Standard Class,Corporate,United States,Mount Vernon,New York,10550,East,Technology,Accessories,299.97,3,0,113.9886
Second Class,Corporate,United States,Seattle,Washington,98105,West,Office Supplies,Binders,19.92,5,0.2,6.972
First Class,Consumer,United States,Dover,Delaware,19901,East,Furniture,Furnishings,9.94,2,0,3.0814
Standard Class,Consumer,United States,Newark,Ohio,43055,East,Furniture,Furnishings,103.056,3,0.2,24.4758
Standard Class,Home Office,United States,Orem,Utah,84057,West,Office Supplies,Binders,59.808,3,0.2,19.4376
Standard Class,Home Office,United States,Orem,Utah,84057,West,Furniture,Furnishings,73.32,6,0,21.996
Standard Class,Home Office,United States,Los Angeles,California,90045,West,Office Supplies,Paper,146.82,3,0,73.41
Standard Class,Corporate,United States,Detroit,Michigan,48205,Central,Furniture,Tables,1652.94,3,0,231.4116
Standard Class,Corporate,United States,Detroit,Michigan,48205,Central,Office Supplies,Storage,296.37,3,0,80.0199
Standard Class,Home Office,United States,Philadelphia,Pennsylvania,19140,East,Furniture,Furnishings,129.92,5,0.2,21.112
Standard Class,Corporate,United States,Hialeah,Florida,33012,South,Office Supplies,Supplies,45.584,7,0.2,5.1282
Standard Class,Consumer,United States,Austin,Texas,78745,Central,Office Supplies,Envelopes,17.568,2,0.2,6.3684
Standard Class,Consumer,United States,Austin,Texas,78745,Central,Technology,Phones,55.992,1,0.2,5.5992
First Class,Consumer,United States,Oceanside,New York,11572,East,Office Supplies,Paper,182.72,8,0,84.0512
First Class,Consumer,United States,Oceanside,New York,11572,East,Furniture,Tables,400.032,2,0.4,-153.3456
First Class,Consumer,United States,Oceanside,New York,11572,East,Office Supplies,Storage,33.63,3,0,10.089
First Class,Consumer,United States,Oceanside,New York,11572,East,Furniture,Chairs,542.646,3,0.1,102.4998
First Class,Consumer,United States,Oceanside,New York,11572,East,Office Supplies,Labels,6.3,2,0,3.024
Standard Class,Home Office,United States,Seattle,Washington,98115,West,Office Supplies,Storage,242.94,3,0,9.7176
Standard Class,Home Office,United States,Seattle,Washington,98115,West,Technology,Accessories,179.97,3,0,86.3856
Standard Class,Home Office,United States,Seattle,Washington,98115,West,Office Supplies,Binders,99.696,6,0.2,33.6474
Standard Class,Home Office,United States,Seattle,Washington,98115,West,Office Supplies,Binders,27.936,4,0.2,9.4284
Standard Class,Home Office,United States,Seattle,Washington,98115,West,Furniture,Bookcases,84.98,1,0,18.6956
Standard Class,Home Office,United States,Seattle,Washington,98115,West,Office Supplies,Binders,18.72,5,0.2,6.552
Standard Class,Consumer,United States,San Francisco,California,94110,West,Technology,Accessories,49.98,2,0,8.4966
Standard Class,Home Office,United States,Naperville,Illinois,60540,Central,Office Supplies,Labels,11.784,3,0.2,4.2717
Standard Class,Home Office,United States,Naperville,Illinois,60540,Central,Office Supplies,Storage,272.736,3,0.2,-64.7748
Standard Class,Home Office,United States,Naperville,Illinois,60540,Central,Office Supplies,Binders,3.54,2,0.8,-5.487
Standard Class,Consumer,United States,Dallas,Texas,75220,Central,Office Supplies,Supplies,51.52,5,0.2,-10.948
Standard Class,Consumer,United States,Dallas,Texas,75220,Central,Office Supplies,Paper,3.528,1,0.2,1.1466
Standard Class,Consumer,United States,Dallas,Texas,75220,Central,Office Supplies,Paper,4.624,1,0.2,1.6762
Standard Class,Consumer,United States,Dallas,Texas,75220,Central,Office Supplies,Supplies,55.168,4,0.2,6.2064
Same Day,Corporate,United States,San Diego,California,92105,West,Furniture,Tables,567.12,10,0.2,-28.356
Same Day,Corporate,United States,San Diego,California,92105,West,Office Supplies,Storage,359.32,4,0,7.1864
Second Class,Consumer,United States,Evanston,Illinois,60201,Central,Technology,Phones,11.992,1,0.2,0.8994
Standard Class,Consumer,United States,Trenton,Michigan,48183,Central,Office Supplies,Binders,58.05,3,0,26.703
Standard Class,Consumer,United States,Trenton,Michigan,48183,Central,Furniture,Furnishings,157.74,11,0,56.7864
Standard Class,Consumer,United States,Trenton,Michigan,48183,Central,Office Supplies,Art,56.98,7,0,22.792
Standard Class,Consumer,United States,Trenton,Michigan,48183,Central,Office Supplies,Binders,2.88,1,0,1.4112
First Class,Corporate,United States,San Francisco,California,94110,West,Technology,Copiers,1199.976,3,0.2,374.9925
Standard Class,Consumer,United States,Los Angeles,California,90036,West,Furniture,Furnishings,79.92,4,0,28.7712
Standard Class,Corporate,United States,Jacksonville,Florida,32216,South,Furniture,Tables,383.438,4,0.45,-167.3184
Standard Class,Consumer,United States,Cottage Grove,Minnesota,55016,Central,Office Supplies,Storage,24.56,2,0,6.8768
Standard Class,Consumer,United States,Cottage Grove,Minnesota,55016,Central,Technology,Accessories,119.8,4,0,47.92
Standard Class,Corporate,United States,New York City,New York,10009,East,Office Supplies,Binders,13.128,3,0.2,4.2666
Standard Class,Corporate,United States,Green Bay,Wisconsin,54302,Central,Office Supplies,Paper,22.72,4,0,10.224
Standard Class,Consumer,United States,Los Angeles,California,90004,West,Office Supplies,Paper,58.32,9,0,27.9936
Standard Class,Corporate,United States,Atlanta,Georgia,30318,South,Office Supplies,Labels,12.39,3,0,5.6994
Standard Class,Consumer,United States,Columbus,Ohio,43229,East,Technology,Phones,107.982,3,0.4,-26.9955
Second Class,Corporate,United States,Bossier City,Louisiana,71111,South,Office Supplies,Envelopes,11.36,2,0,5.3392
Second Class,Corporate,United States,Bossier City,Louisiana,71111,South,Office Supplies,Envelopes,50.94,3,0,25.47
Second Class,Corporate,United States,Bossier City,Louisiana,71111,South,Technology,Accessories,646.74,6,0,258.696
Second Class,Corporate,United States,Bossier City,Louisiana,71111,South,Office Supplies,Binders,5.64,3,0,2.7072
Second Class,Corporate,United States,Bossier City,Louisiana,71111,South,Office Supplies,Storage,572.58,6,0,34.3548
Standard Class,Corporate,United States,Saint Petersburg,Florida,33710,South,Furniture,Furnishings,310.88,2,0.2,23.316
Standard Class,Consumer,United States,Arlington,Virginia,22204,South,Furniture,Chairs,641.96,2,0,179.7488
Standard Class,Corporate,United States,Des Moines,Iowa,50315,Central,Office Supplies,Binders,18.28,2,0,9.14
Standard Class,Corporate,United States,Des Moines,Iowa,50315,Central,Technology,Phones,207,3,0,51.75
Standard Class,Corporate,United States,Des Moines,Iowa,50315,Central,Office Supplies,Binders,32.35,5,0,16.175
Standard Class,Corporate,United States,Des Moines,Iowa,50315,Central,Office Supplies,Binders,7.71,1,0,3.4695
Standard Class,Corporate,United States,Des Moines,Iowa,50315,Central,Office Supplies,Art,40.3,2,0,10.881
Standard Class,Corporate,United States,Des Moines,Iowa,50315,Central,Furniture,Furnishings,34.58,7,0,14.5236
Standard Class,Consumer,United States,Cincinnati,Ohio,45231,East,Office Supplies,Art,32.76,7,0.2,3.6855
First Class,Home Office,United States,San Francisco,California,94110,West,Furniture,Chairs,544.008,3,0.2,40.8006
First Class,Home Office,United States,San Francisco,California,94110,West,Office Supplies,Paper,59.94,3,0,28.1718
First Class,Home Office,United States,San Francisco,California,94110,West,Office Supplies,Paper,23.92,4,0,11.7208
First Class,Home Office,United States,San Francisco,California,94110,West,Office Supplies,Paper,4.28,1,0,1.926
Second Class,Consumer,United States,Columbus,Ohio,43229,East,Office Supplies,Binders,32.07,5,0.7,-22.449
Second Class,Consumer,United States,Columbus,Ohio,43229,East,Technology,Accessories,24,2,0.2,-2.7
Second Class,Consumer,United States,Columbus,Ohio,43229,East,Furniture,Bookcases,35.49,1,0.5,-15.6156
Second Class,Consumer,United States,Columbus,Ohio,43229,East,Technology,Accessories,47.984,2,0.2,0.5998
Standard Class,Corporate,United States,Columbia,South Carolina,29203,South,Office Supplies,Envelopes,186.69,3,0,87.7443
Second Class,Consumer,United States,Lancaster,California,93534,West,Office Supplies,Binders,17.456,2,0.2,5.8914
Standard Class,Consumer,United States,Lancaster,California,93534,West,Furniture,Chairs,348.928,2,0.2,34.8928
Standard Class,Consumer,United States,Richmond,Virginia,23223,South,Office Supplies,Binders,143.96,4,0,69.1008
Standard Class,Consumer,United States,Richmond,Virginia,23223,South,Office Supplies,Storage,15.42,1,0,4.1634
Standard Class,Consumer,United States,Richmond,Virginia,23223,South,Office Supplies,Binders,43.04,8,0,21.0896
Standard Class,Consumer,United States,Richmond,Virginia,23223,South,Furniture,Chairs,332.94,3,0,79.9056
Same Day,Consumer,United States,Asheville,North Carolina,28806,South,Technology,Phones,1363.96,5,0.2,85.2475
Standard Class,Consumer,United States,San Francisco,California,94110,West,Office Supplies,Labels,9.96,2,0,4.5816
Standard Class,Consumer,United States,San Francisco,California,94110,West,Office Supplies,Paper,21.72,4,0,10.6428
Standard Class,Consumer,United States,Rochester,Minnesota,55901,Central,Office Supplies,Binders,20.16,7,0,9.8784
First Class,Corporate,United States,Rochester,New York,14609,East,Office Supplies,Paper,132.79,7,0,63.7392
First Class,Corporate,United States,Rochester,New York,14609,East,Office Supplies,Paper,12.96,2,0,6.2208
First Class,Corporate,United States,Rochester,New York,14609,East,Office Supplies,Labels,21.56,7,0,10.3488
